Nr.,Unternehmen,IndustriezweigSPEER,Industriezweig,ExistiertHeute,volladresse,Ort,Adresse,Ort2,Adresse2,Ort3,Adresse3,Datum,Zwangsarbeiterart,Gesamtzahl,Männlich,Weiblich,Anmerkungen,,,
54,Ackermann Fahrzeugbau,Fahrzeugbau,Kraftfahrzeugindustrie,ja,"Vohwinkeler Str. 87, Vohwinkel, Deutschland",Vohwinkel,Vohwinkeler Str. 87-93,,,,,13.8.1942,Ostarbeiter:,50,49,1,,,,
56,Dr. Albert Alteköster vorm. „Almag AG“,Düngerwerke,Chemie,nein,"Buchenhofener Str. 1, Vohwinkel, Deutschland",Sonnborn,Buchenhofener Str. 1,,,,,,Kriegsgefangene,,,,,,,
57,G. & R. Alvermann,Maschinenfabrik,Maschinenbau,nein,"Heckinghauser Str. 43 A, Barmen, Deutschland",Barmen,Heckinghauser Str. 43 A,,,,,28.10.1942,Ostarbeiter:,4,0,4,,,,
57,G. & R. Alvermann,Maschinenfabrik,Maschinenbau,nein,"Heckinghauser Str. 43 A, Barmen, Deutschland",Barmen,Heckinghauser Str. 43 A,,,,,27.4.1943,Ostarbeiter:,7,0,7,,,,
58,Georg Arends,Staudengärtnerei,Gärtnerei,ja,"Monschaustr. 74 A, Ronsdorf, Deutschland",Ronsdorf,Monschaustr. 74 A,,,,,23.01.1941,Kriegsgefangene,10,10,,,,,
59,Ludwig Attin,Stahlhandlung und Fassonschmiede,Metallindustrie,nein,"Wasserstraße 15, Barmen, Deutschland",Barmen,Wasserstraße 15,,,,,31.10.1942,Deutsche,6,3,3,,,,
60,Oswald Attin,Hammerwerk und Fassonschmiede,Metallindustrie,ja,"Warndtstraße 4, Barmen, Deutschland",Barmen,Warndstraße 4,,,,,,,,,,,,,
61,Autohaus GmbH,"Opel-Autohaus, Handel und Reparatur",Handel / Dienstleistungen,ja,"Leimbacherstr. 85, Barmen, Deutschland",Barmen,Leimbacherstr. 85-87,,,,,27.4.1943,Franzosen,,,,,,,#NAME?
62,J. L. Bacon,Heizungs- und Lüftungsanlagen,Handwerk,ja,"Hofaue 4, Elberfeld, Deutschland",Elberfeld,Hofaue 4,,,,,27.4.1943,Belgier,,,,,,,
63,Carl Beier,Sägenfabrik,Metallindustrie,nein,"Oberheidter Str. 67, Cronenberg, Deutschland",Cronenberg,Oberheidter Str. 67,,,,,,,,,,,,,
64,Bangert & Co. „Klinker- und Ziegelwerk Uhlenbruch“,,Ziegelei,nein,"Uhlenbruch 4, Nächstebreck, Deutschland",Nächstebreck,Uhlenbruch 4,,,,,,,,,,,,,
65,Barmer Maschinenfabrik KG,"Maschinenfabrik, Zweigwerk der Lenneper „Barmag“",Maschinenbau,ja,"Mohrenstr. 12, Barmen, Deutschland",Barmen,Mohrenstr. 12-28,,,,,31.1.1944,Deutsche,77,51,26,,,,
66,Bastfaser GmbH,Textilindustrie,Textilindustrie,nein,"Auf der Bleiche 43, Barmen, Deutschland",Barmen,Auf der Bleiche 43,,,,,31.3.1943,Deutsche,75,66,9,,,,
67,Carl Bauer,Schrauben- und Mutternfabrik,Metallindustrie,nein,"Solinger Str. 28, Cronenberg, Deutschland",Cronenberg,Solinger Str. 28,,,,,,.05.42,8,,,,,,
68,I.G. Farbenindustrie AG Werk Elberfeld,vorm. Frdr. Bayer & Co.,Chemie,ja,"Friedrich-Ebert-Straße 217, Elberfeld, Deutschland",Elberfeld,Friedrich-Ebert-Straße 217-333,,,,,27.4.1943,Ostarbeiter:,18,0,18,,,,
69,Karl Becker,Muttern- und Schraubenfabrik,Metallindustrie,nein,"Berghauser Str. 110, Cronenberg, Deutschland",Cronenberg,Berghauser Str. 110-118,,,,,13.8.1942,Ostarbeiter:,20,0,20,,,,
70,Gebr. Becker,Maschinenfabrik,Maschinenbau,ja,"Gennebrecker Str. 8, Wichlinghausen, Deutschland",Wichlinghausen,Gennebrecker Str. 8,,,,,13.8.1942,Ostarbeiter:,20,0,20,,,,
71,Ernst Beckmannshagen,Metallgießerei,Metallindustrie,nein,"Spitzenstr. 15, Langerfeld, Deutschland",Langerfeld,Spitzenstr. 15,,,,,,,,,,,,,
72,Wilhelm Beiersmann,Schraubenfabrik und Fassondreherei,Metallindustrie,nein,"Regentenstr. 49, Langerfeld, Deutschland",Langerfeld,Regentenstr. 49,,,,,,,,,,,,,
73,Belzer-Werk,Werkzeuge für Automobil- und Flugwesen,Metallindustrie,nein,"Hastener Str. 4, Cronenberg, Deutschland",Cronenberg,Hastener Str. 4,,,,,27.4.1943,Franzosen,,,,,,,
74,J. P. Bemberg AG.,"Textilfasern, Kunstfasern",Textilindustrie,nein,"Öhder Str. 14, Wuppertal, Deutschland",Barmen,Oehder Str. 14-28,,,,,13.8.1942,Ostarbeiter:,363,1,362,,,,
75,Bemetall-Werk GmbH,Aluminiumfabrik,NE-Metallindustrie,nein,"Thüringer Str. 9, Wuppertal, Deutschland",Barmen,Thüringer Str. 9,,,,,27.4.1943,Niederländer,,,,,,,
76,Kurt Berger,Autoreifen,Kraftfahrzeugindustrie,unbekannt,"Neumarktstraße 25, Elberfeld, Deutschland",Elberfeld,Neumarktstaße 25-27,,,,,,,,,,,,,
77,Hans Berger,Bereifungen und Vulkanisierbetrieb,Kraftfahrzeugindustrie,unbekannt,"Barmer Str. 34, Elberfeld, Deutschland",Elberfeld,Barmer Str. 34,,,,,27.4.1943,Niederländer,,,,,,,
78,Emil Berges,Getränkegroßhandlung,Handel / Dienstleistungen,nein,"Oberbergische Str. 197, Barmen, Deutschland",Barmen,Oberbergische Str. 197,,,,,,,,,,,,,
79,Bergische Gasmesserfabrik GmbH,,Metallindustrie,nein,"Höfen 84 a, Barmen, Deutschland",Barmen,Höfen 84 a,,,,,13.8.1942,Ostarbeiter:,19,0,19,,,,
79,Bergische Gasmesserfabrik GmbH,,Metallindustrie,nein,"Höfen 84 a, Barmen, Deutschland",Barmen,Höfen 84 a,,,,,28.10.1942,Ostarbeiter:,18,0,18,,,,
80,Bergisches Kabelwerk,Bergisches Kabelwerk Ernst Möllmann,Elektrotechnik,nein,"Wartburgstr. 118 a, Barmen, Deutschland",Barmen,Wartburgstr. 118 a,,,,,11.3.1944,Ostarbeiter:,11,0,11,,,,
81,AGEB - Aktiengesellschaft für Bergwerksbedarf,Bergwerksbedarf,Metallindustrie,nein,"Hirtenstr. 1, Elberfeld, Deutschland",Elberfeld,Hirtenstr. 1-3,,,,,13.8.1942,Ostarbeiter:,13,13,0,,,,
82,Ferdinand Berns,Gesenkschmiede,Metallindustrie,nein,"Theishahnerstr. 112, Küllenhahn, Deutschland",Küllenhahn,Theishahnerstr. 112,,,,,13.8.1942,Ostarbeiter:,5,4,0,,,,
83,Otto Berns,"Schrauben, Muttern und Beschläge",Metallindustrie,nein,"Cronenbergerstr. 325 a, Elberfeld, Deutschland",Elberfeld,Cronenbergerstr. 325 a,,,,,13.8.1942,Ostarbeiter:,5,5,0,,,,
84,Robert Birkelbach GmbH,Maschinen- und Werkzeugfabrik,Metallindustrie,nein,"Friedrich-Ebert-Straße 123 d, Elberfeld, Deutschland",Elberfeld,Friedrich-Ebert-Straße 123 d,,,,,13.8.1942,Ostarbeiter:,30,30,0,,,,
85,Birkenbeil & Schmidt,Fleischwarenimport,Handel / Dienstleistungen,nein,"Viehhofstr. 115, Elberfeld, Deutschland",Elberfeld,Viehhofstr. 115,,,,,,,,,,,,,
86,Hans Birkenstock,Filzwarenfabrik (?),Textilindustrie,unbekannt,,Vohwinkel,,,,,,,,,,,,,,
87,Gebrüder Birker,Beitel- und Hobeleisenfabrik,Metallindustrie,nein,"Heidestr. 39, Cronenberg, Deutschland",Cronenberg,Heidestr. 39,,,,,27.4.1943,Ostarbeiter:,10,10,0,,,,
88,Fahrradwerke Bismarck A.G.,(Niederlassung Ronsdorf,Fahrradindustrie,nein,nein,"Elberfelder Str. 94, Radevormwald, Deutschland",Radevormwald,Elberfelder Str. 94,,,,,,.05.42,8,,,,,
89,Block & Vaupel,Maschinenfabrik,Maschinenbau,nein,"Heckinghauser Str. 143 a, Barmen, Deutschland",Barmen,Heckinghauser Str. 143 a,,,,,31.10.1942,Deutsche,19,18,1,,,,
90,C. Blumhardt,Fördermittel- und Eisenbauwerk (Fahrzeugfabrik),Kraftfahrzeugindustrie,nein,"Vohwinkeler Str. 156, Vohwinkel, Deutschland",Vohwinkel,Vohwinkeler Str. 156-160,,,,,13.8.1942,Ostarbeiter:,30,0,30,,,,
91,Bocklenberg & Motte (BOMORO),Schlösser und Beschläge,Metallindustrie,nein,"Schöne Aussicht 12, Ronsdorf, Deutschland",Ronsdorf,Schöne Aussicht 12,,,,,13.8.1942,Ostarbeiter:,29,29,0,,,,
92,Carl Bocklenberg & Söhne (Cebor),Maschinen & Werkzeugfabrik,Metallindustrie,nein,"Erbschlöerstr. 27, Ronsdorf, Deutschland",Ronsdorf,Erbschlöerstr. 27,,,,,27.4.1943,Franzosen,,,,,,,
93,Friedrich Bohne,Schreinerei,Handwerk,unbekannt,"Wittener Str. 19, Barmen, Deutschland",Barmen,Wittener Str. 19,,,,,,,,,,vermutl. Bis 1942 noch Wittener Str. 38,,,
94,Boltz KG,Herrenkleiderfabrik,Textilindustrie,nein,"Friedrich-Ebert-Straße 103 a, Elberfeld, Deutschland",Elberfeld,Friedrich-Ebert-Straße 103 a,,,,,27.4.1943,Franzosen,,,,,,,
95,Bergisches Präge- und Ätzwerk Johannes Bornemann,"Wuppertal-Langerfeld, Schwelmer Str. 27/31",Metallindustrie,nein,"Schwelmer Str. 27, Langerfeld, Deutschland",Langerfeld,Schwelmer Str. 27-31,,,,,31.8.1943,Deutsche,55,31,24,,,,
96,Johann Brack,Maschinenfabrik,Maschinenbau,nein,"Friedrich-Ebert-Straße 143, Elberfeld, Deutschland",Elberfeld,Friedrich-Ebert-Straße 143,,,,,,,,,,,,,
97,Carl Bremme KG,Brauerei,Lebensmittelindustrie,nein,"Albertstr. 22, Barmen, Deutschland",Barmen,Albertstr. 22-24,,,,,27.4.1943,Niederländer,,,,,,,
98,Hermann Bremer,Werkzeugfabrik,Metallindustrie,unbekannt,"Mühle 49, Ronsdorf, Deutschland",Ronsdorf,Mühle 49-51,,,,,11.3.1944,,,,,,,,
99,Gebr. Brill,"Maschinenfabrik, Gießerei",Metallindustrie,unbekannt,"Friedrich-Engels-Allee 311, Barmen, Deutschland",Barmen,Friedrich-Engels-Allee 311,,,,,,,,,,,,,
99,Gebr. Brill,"Maschinenfabrik, Gießerei",Metallindustrie,unbekannt,"Sternstr. 19, Barmen, Deutschland",Barmen,Sternstr. 19-21,,,,,,,,,,,,,
100,Friedrich Brockhaus,Klischeefabrik,Druckwesen,nein,"Bleichstraße 8, Elberfeld, Deutschland",Elberfeld,Bleichstraße 8,,,,,31.1.1943,Deutsche,17,15,2,,,,
101,Carl Brose & Co.,Metallwarenfabrik,Metallindustrie,nein,"Opphofer Str. 13, Elberfeld, Deutschland",Elberfeld,Opphofer Str. 13-17,,,,,27.4.1943,Franzosen,,,,,,,
102,Bruchhaus & Baltrusch,Metallwarenfabrik,Metallindustrie,nein,"Friedrich-Ebert-Straße 398, Elberfeld, Deutschland",Elberfeld,Friedrich-Ebert-Straße 398,,,,,27.4.1943,Ostarbeiter:,8,8,0,,,,
103,Arthur Brügger,„Para-Gummiwerke“,Kunststoffindustrie,nein,"Westkotter Str. 129, Barmen, Deutschland",Barmen,Westkotter Str. 129,,,,,13.8.1942,Ostarbeiter:,50,0,50,,,,
104,Otto Budde & Co.,Stückfärberei und Appreturanstalt,Textilindustrie,nein,"Meckelstr. 88, Barmen, Deutschland",Barmen,Meckelstr. 88,,,,,31.1.1944,Westarbeiter,1,,,https://www.digibib.genealogy.net/viewer/image/856884901D_1934/120/#topDocAnchor,,,
105,Gustav Busche GmbH.,Säcke- und Segeltuchdecken,Textilindustrie,unbekannt,"Schwelmer Str. 122, Langerfeld, Deutschland",Langerfeld,Schwelmer Str. 122-128,,,,,13.8.1942,Ostarbeiter:,13,0,13,,,,
106,Hermann Busche KG,Sack-Großhandlung,Handel / Dienstleistungen,nein,"Alfredstraße 5, Barmen, Deutschland",Barmen,Alfredstraße 5,,,,,13.8.1942,Ostarbeiter:,9,0,9,,,,
107,Alfred vom Cleff,Schrauben- und Mutternfabrik,Metallindustrie,unbekannt,"Hauptstr. 143, Cronenberg, Deutschland",Cronenberg,Hauptstr. 143-145,,,,,13.8.1942,Ostarbeiter:,3,3,0,,,,
108,J. vom Cleff A. Sohn Schraubenfabrik,Schraubenfabrik,Metallindustrie,ja,"Kemmannstr. 83, Cronenberg, Deutschland",Cronenberg,Kemmanstr. 83,,,,,27.4.1943,Ostarbeiter:,5,5,0,,,,
109,Erich Clerck,"Fahrzeugbau, Autofederngroßhandlung",Kraftfahrzeugindustrie,nein,"Hauptstr. 151, Cronenberg, Deutschland",Cronenberg,Hauptstr. 151,,,,,,.05.42,8,,,,,,
110,Cramer & Kromberg,Kleiderfabrik,Textilindustrie,nein,"Brausenwerther Str. 15, Elberfeld, Deutschland",Elberfeld,Brausenwerther Str. 15,,,,,27.4.1943,Belgier,,,,,,,
111,Erich Cramer v. Clausbruch,Gummiwarenfabrik,Kunststoffindustrie,nein,"Schönebeckerstr. 57, Barmen, Deutschland",Barmen,Schönebeckerstr. 57,,,,,27.4.1943,,,,,,,,
112,Cronenberger Steinindustrie Franz Triches GmbH,Grauwacke-Steinbrüche,Industrie der Steine und Erden,ja,"Korzerter Straße 18, Cronenberg, Deutschland",Cronenberg,Korzerter Straße 18,,,,,27.4.1943,Polen,,,,,,,
113,Walter Cüppers,Vomag-LKW-Vertrieb,Handel / Dienstleistungen,ja,"Beethovenstraße 3, Elberfeld, Deutschland",Elberfeld,Beethovenstraße 3,,,,,27.4.1943,Franzosen,,,,,,,
114,Daimler Benz AG,Kraftfahrzeuge,Kraftfahrzeugindustrie,ja,"Tannenbergstr. 20, Elberfeld, Deutschland",Elberfeld,Tannenbergstr. 20-24,,,,,,,,,,,,,
115,Auto Dausend,Zylinder und Kurbelwellenbearbeitung,Kraftfahrzeugindustrie,nein,"Friedrich-Engels-Allee 358, Barmen, Deutschland",Barmen,Friedrich-Engels-Allee 358,,,,,27.4.1943,Franzosen,,,,,,,
116,Ferdinand Deisel,,unbekannt,unbekannt,"Feldstr., Barmen, Deutschland",Barmen,Feldstr.,,,,,,,,,,,,,
117,H. L. Dienst & Sohn,Textilveredlung und Garnhandlung,Textilindustrie,nein,"Moritzstraße 14, Elberfeld, Deutschland",Elberfeld,Moritzstraße 14,,,,,27.4.1943,Niederländer,,,,,,,
118,Gebr. Dohrmann,Wuppertal-Elberfeld,unbekannt,unbekannt,,Elberfeld,,,,,,27.4.1943,Niederländer,,,,,,,
119,Heinrich Döppers,Herrenkleiderfabrik,Textilindustrie,nein,"Hofaue 53a, Elberfeld, Deutschland",Elberfeld,Hofaue 53a,,,,,27.4.1943,Belgier,,,,,,,
120,Gebr. Dörner,Eisengroßhandlung,Metallindustrie,nein,"Kaiserstr. 126, Vohwinkel, Deutschland",Vohwinkel,Kaiserstr. 126,Vohwinkel,Möbecker Str. 4,,,11.3.1944,Ostarbeiter:,74,74,0,,,,
121,Ernst von Dreden,Ferntransporte,Logistik,nein,"Simonsstraße 25 a, Elberfeld, Deutschland",Elberfeld,Simonsstraße 25 a,,,,,27.4.1943,Niederländer,,,,,,,
122,Dyckerhoff & Widmann KG [Baubüro Jägerwerke],Bauunternehmung,Bauunternehmen,ja,"Mettmannerstr. 79, Elberfeld, Deutschland",Elberfeld,Mettmannerstr. 79,,,,,,,,,,,,,
123,Karl Egert,Maschinen- und Formenfabrik,Maschinenbau,nein,"Meckelstr. 16 A, Barmen, Deutschland",Barmen,Meckelstr. 16 A,,,,,,3,194,,,,,,
124,Ernst Eickhoff & Co.,Gas- und Wassermesserfabrik,Maschinenbau,nein,"Hünefeldstr. 84 a, Wuppertal, Deutschland",Elberfeld,Hünefeldstr. 84 a,,,,,13.8.1942,Ostarbeiter:,18,18,0,,,,
125,Paul Eigenbrodt,Dampfsägewerk und Kistenfabrik,Möbelindustrie,nein,"Vor d. Beule 37, Wichlinghausen, Deutschland",Wichlinghausen,Vor d. Beule 37-39,,,,,28.10.1942,Ostarbeiter:,6,0,6,https://www.digibib.genealogy.net/viewer/image/856884901D_1939/262/,,,
126,Elberfelder Papierfabrik AG,Papierfabrik,Papierindustrie,nein,"Friedrich-Ebert-Straße 126, Elberfeld, Deutschland",Elberfeld,Friedrich-Ebert-Straße 126-130,,,,,,,,,,,,,
127,Elberfelder Textilwerke AG,Textilindustrie,Textilindustrie,nein,"Friedrich-Ebert-Straße 154, Elberfeld, Deutschland",Elberfeld,Friedrich-Ebert-Straße 154,,,,,27.4.1943,Belgier,,,,,,,
128,Epeda-Werke Rudolf Platte,Polster-Fabrik,Textilindustrie,nein,"Rembrandtstraße 14, Vohwinkel, Deutschland",Vohwinkel,Rembrandtstraße 14,,,,,27.4.1943,Franzosen,,,,,,,
129,Adolf Eppendahl,Kaufmann,Handel / Dienstleistungen,nein,"Schimmelsburg 23, Barmen, Deutschland",Barmen,Schimmelsburg 23,,,,,27.4.1943,Niederländer,,,,,,,
130,Julius & August Erbslöh,"Walz- und Preßwerk, Halbzeuge aus Alu.",NE-Metallindustrie,ja,"Berliner Str. 29, Barmen, Deutschland",Barmen,Berliner Str. 29-35,,,,,13.8.1942,Ostarbeiter:,83,83,0,Schönenstr. 1a (lt. Adressbuch 1952:,,,
131,Rudolf Ernenputsch,"Fuhrunternehmen, Kohlen- und Schrotthandlung",Logistik,ja,"Harzstraße 13, Cronenberg, Deutschland",Cronenberg,Harzstraße 13,,,,,,,,,,,,,
132,Gottlob Espenlaub,Flugzeugbau,Luftfahrtindustrie,nein,"Spitzenstr. 35, Langerfeld, Deutschland",Langerfeld,Spitzenstr. 35,,,,,,.05.42,8,,,,,,
133,Eduard Eylert,Automobile und Auto-Reparatur,Kraftfahrzeugindustrie,unbekannt,"Steinbeck 66, Elberfeld, Deutschland",Elberfeld,Steinbeck 66-74,,,,,27.4.1943,Franzosen,,,,,,,
134,Eylert KG.,Fahrzeugfabrik,Kraftfahrzeugindustrie,nein,"Unten vorm Steeg 138, Sonnborn, Deutschland",Sonnborn,Unten vorm Steeg 138,,,,,13.8.1942,Ostarbeiter:,52,25,27,,,,
135,Ludwig Faber,Brotfabrik,Lebensmittelindustrie,nein,"Wiesenstr. 45, Elberfeld, Deutschland",Elberfeld,Wiesenstr. 45,,,,,2.4.1943,Deutsche,33,23,10,,,,
136,Gustav Fach,Schreinerei,Handwerk,nein,"Sedanstraße 88, Barmen, Deutschland",Barmen,Sedanstraße 88,,,,,,,,,,,,,
137,Friedrich Feldhoff Sohn,Eisengießerei,Metallindustrie,nein,"Untere Lichtenplatzerstr. 24, Barmen, Deutschland",Barmen,Untere Lichtenplatzerstr. 24,,,,,27.4.1943,Franzosen,,,,,,,
138,August Fink,"Textilien, Baumwollindustrie",Textilindustrie,nein,"Marschallstr. 17, Vohwinkel, Deutschland",Vohwinkel,Marschallstr. 17,,,,,,,,,,,,,
139,Walter Finkeldei,Werkzeugfabrik und Formdreherei,Metallindustrie,nein,"Berliner Str. 130 a, Barmen, Deutschland",Barmen,Berliner Str. 130 a,,,,,,3,194,,,,,,
140,Wilhelm Eugen Fischer,Metallwarenfabrik,Metallindustrie,nein,"Völklinger Str. 6 a, Barmen, Deutschland",Barmen,Völklinger Str. 6 a,,,,,13.8.1942,Ostarbeiter:,6,6,0,,,,
141,Fischer & Schmidt,Chemigraph. Kunstanstalt - Klischees,Druckwesen,nein,"Westkotter Straße 16, Barmen, Deutschland",Barmen,Westkotter Straße 16,,,,,27.4.1943,Niederländer,,,,,,,
142,Gebr. Fleuss,Fabrik- und Kommissionsgeschäft,unbekannt,nein,"Rhönstr. 8, Cronenberg, Deutschland",Cronenberg,Rhönstr. 8,,,,,,,,,,,,,
143,M. Flues & Co.,Spezialfabrik für technische Chromleder,Textilindustrie,nein,"Deutscher Ring 66, Sonnborn, Deutschland",Sonnborn,Deutscher Ring 66,,,,,28.2.1943,Deutsche,18,16,2,,,,
144,Adolf Franke,Werkzeugfabrik,Metallindustrie,ja,"Rhönstr. 6a, Cronenberg, Deutschland",Cronenberg,Rhönstr. 6a,,,,,,3,194,,,,,,
145,Wilhelm Franke,Fahrzeugbeschläge,Kraftfahrzeugindustrie,nein,"Küllenhahner Str. 20, Küllenhahn, Deutschland",Küllenhahn,Küllenhahner Str. 20,,,,,13.8.1942,Ostarbeiter:,3,3,0,,,,
146,Heinrich Frickenhaus,Färberei,Textilindustrie,nein,"Kocherstraße 21, Ronsdorf, Deutschland",Ronsdorf,Kocherstraße 21-27,,,,,,,,,,,,,
147,Fritz & Hoch,"Wuppertal-Elberfeld,",unbekannt,nein,,Elberfeld,,,,,,27.4.1943,Niederländer,,,,,,,
148,H. & L. Fritzsche,Bekleidungshaus,Handel / Dienstleistungen,nein,"Wall 32, Elberfeld, Deutschland",Elberfeld,Wall 32,,,,,27.4.1943,Niederländer,,,,,,,
149,Frobana,Schuhreparaturmaschinen,Maschinenbau,nein,"Windhukstraße 80, Barmen, Deutschland",Barmen,Windhukstraße 80,,,,,13.8.1942,Ostarbeiter:,14,14,0,,,,
150,Wilhelm Fröhling,Schraubenfabrik,Metallindustrie,nein,"Solinger Str. 35, Cronenberg, Deutschland",Cronenberg,Solinger Str. 35,,,,,13.8.1942,Ostarbeiter:,8,8,0,,,,
151,Frölich & Klüpfel,Maschinenfabrik,Maschinenbau,ja,"Fuchsstr. 28, Barmen, Deutschland",Barmen,Fuchsstr. 28,,,,,13.8.1942,Ostarbeiter:,19,19,0,,,,
152,Frowein & Co. AG,"Seidenstoffe, Weberei",Textilindustrie,ja,"Uellendahler Str. 70, Elberfeld, Deutschland",Elberfeld,Uellendahler Str. 70-82,,,,,27.4.1943,Franzosen,,,,,,,
153,Kabelwerk Frowein,Kabelherstellung (ehemals: Riemendreherei Max bzw. Wilhelm,Elektrotechnik,nein,"Märkische Str. 16, Barmen, Deutschland",Barmen,Märkische Str. 16,,,,,27.4.1943,Ostarbeiter:,8,0,8,,,,
154,Gustav Fudickar,Matratzenfabrik,xxx,nein,"Rubensstr. 14, Vohwinkel, Deutschland",Vohwinkel,Rubensstr. 14,,,,,11.3.1944,,,,,,,,
155,Theodor Fürer,Flechtkordelfabrik,Textilindustrie,nein,"Erichstraße 6, Barmen, Deutschland",Barmen,Erichstraße 6,,,,,27.4.1943,Polen,,,,,,,
156,Wilhelm Fürschbach,Drechselei,Handwerk,unbekannt,"Lettow-Vorbeck-Straße 50, Vohwinkel, Deutschland",Vohwinkel,Lettow-Vorbeck-Straße 50,,,,,,,,,,,,,
157,August Görts KG,Kleineisenwaren,Metallindustrie,nein,"Unterkirchen 23 a, Cronenberg, Deutschland",Cronenberg,Unterkirchen 23 a,,,,,,,,,,,,,
158,Graef & Kunhenn,Metallsägenfabrik,Metallindustrie,ja,"Oberbergische Str. 53, Barmen, Deutschland",Barmen,Oberbergische Str. 53,,,,,,,,,,,,,
159,Josef Grundmann,Handeslvertreter und Käsegroßhandel,Handel / Dienstleistungen,nein,"Am Nordpark 17, Barmen, Deutschland",Barmen,Am Nordpark 17,,,,,,,,,,,,,
160,C. Grundmann-Dresel,,unbekannt,nein,"Stahlstraße 24, Barmen, Deutschland",Barmen,Stahlstraße 24,,,,,,,,,,„Das Unternehmen ist per Adressbuch nicht feststellbar.“,,,
161,Heinrich Gutberlett,Maschinen u. Werkzeugfabrik,Metallindustrie,nein,"Bendahler Str. 106, Barmen, Deutschland",Barmen,Bendahler Str. 106-108,,,,,27.4.1943,Ostarbeiter:,20,0,20,,,,
162,Gutehoffnungshütte AG Oberhausen [Dolomit-Steinbruch Lüntenbeck],,Industrie der Steine und Erden,unbekannt,"Lüntenbeck 2c, Vohwinkel, Deutschland",Vohwinkel,Lüntenbeck 2c,,,,,27.4.1943,Italiener,,,,,,,
163,Gutehoffnungshütte AG Oberhausen,"Dornap, heute: Wuppertal",Metallindustrie,unbekannt,,,,,,,,12.8.1942,russische Arbeiter, sind zugesagt,45,,,,,
164,Hagedorn,[Firma nicht näher bezeichnet],unbekannt,nein,,,,,,,,,,,,,,,,
165,Hagen & Wolff,Plattierungsgeschäft,Textilindustrie,nein,"Haspeler Str. 216, Barmen, Deutschland",Barmen,Haspeler Str. 216,,,,,27.4.1943,Niederländer,,,,,,,
166,Ferdinand von Hagen Söhne & Koch,Scharnierfabrik,Metallindustrie,ja,"Vohwinkeler Str. 97, Vohwinkel, Deutschland",Vohwinkel,Vohwinkeler Str. 97,,,,,,,,,,,,,
167,Adolf & Otto Halbach,Seidenbandfabrik,Textilindustrie,nein,"Holzer Straße 33, Elberfeld, Deutschland",Elberfeld,Holzer Straße 33,,,,,27.4.1943,Polen,,,,,,,
168,"Halbach, Braun & Co.",Maschinenfabrik,Maschinenbau,nein,"Blombacherbach 32, Barmen, Deutschland",Barmen,Blombacherbach 32,,,,,11.3.1944,Ostarbeiter:,10,10,0,,,,
169,Ernst Halfmann,"Fabrik in Bändern, Schuhriemen, Litzen",Textilindustrie,nein,"Höchsten 76, Elberfeld, Deutschland",Elberfeld,Höchsten 76,Elberfeld,Wiesenstr. 67,,,27.4.1943,Polen,,,,,,,
170,Gebr. Hallenscheid,Werkzeugfabrik,Metallindustrie,nein,"Nibelungenstr. 15, Ronsdorf, Deutschland",Ronsdorf,Nibelungenstr. 15,,,,,,,,,,,,,
171,Halstenbach & Co.,Gummibandfabrik und Maschinenfabrik,Textilindustrie,nein,"Liegnitzer Str. 50, Wichlinghausen, Deutschland",Wichlinghausen,Liegnitzer Str. 50,Wichlinghausen,Wichlinghauser Str. 85 a,Heckinghausen,Rauental 28,11.3.1944,Ostarbeiter:,15,0,15,,,,
172,Hamba Hans A. Müller GmbH & Co. KG,Maschinenfabrik,Maschinenbau,nein,"Höhne 42, Barmen, Deutschland",Barmen,Höhne 42,,,,,11.3.1944,Ostarbeiter:,15,15,0,,,,
173,Gebr. Happich GmbH,"Karosseriebedarfsartikel, Autozubehörgroßhandlung",Kraftfahrzeugindustrie,ja,"Neuenteich 64, Elberfeld, Deutschland",Elberfeld,Neuenteich 64-76,,,,,,,,,,,,,
174,Albert Hasselkus,Werkzeugfabrik,Metallindustrie,nein,"Bandwirkerstr. 29, Ronsdorf, Deutschland",Ronsdorf,Bandwirkerstr. 29,,,,,,3,194,,,,,,
175,Hermann Häuser,Wuppertal-Barmen,unbekannt,unbekannt,,,,,,,,27.4.1943,Franzosen,,,,„Eine Firma Hermann Häuser ist in Barmen nicht nachweisbar. Infrage kommen z.B. die Barmer Büssing-Vertretung Heinrich Häuser oder die Elberfelder Schlosserei Hermann Häuser.“,,,
176,"Hausschulte & Co. [ursprünglich: Gustav Hausschulte, Feilenhauerei]",,unbekannt,nein,"Hohenstein 22, Barmen, Deutschland",Barmen,Hohenstein 22,,,,,,,,,,,,,
177,Hein & Co. KG,Bergische Schrauben- u. Mutternfabrik,Metallindustrie,unbekannt,"Zum Krusen 1, Cronenberg, Deutschland",Cronenberg,Zum Krusen 1,,,,,,.05.42,8,,,,,,
178,Heinen & Co.,Maschinenfabrik „Rheinwerk“,Maschinenbau,nein,"Wittener Straße 53, Barmen, Deutschland",Barmen,Wittener Straße 53,,,,,31.10.1942,Deutsche,95,85,10,,,,
179,Sebastian Helmstädter,Wuppertaler Steinwerke,Industrie der Steine und Erden,nein,"Alter Markt 619, Barmen, Deutschland",Barmen,Alter Markt 619-621,,,,,30.6.1944,Ausländer ohne Nationalitätenanga- be:,38,37,1,,,,
180,August Helsper,Werkzeugfabrik,Metallindustrie,ja,"Harzstraße 8, Cronenberg, Deutschland",Cronenberg,Harzstraße 8,,,,,27.4.1943,Ostarbeiter:,4,4,0,,,,
181,Carl Helsper,Werkzeugfabrik,Metallindustrie,unbekannt,"Nöllenhammerweg 13 a, Cronenberg, Deutschland",Cronenberg,Nöllenhammer Str. 13 a,,,,,,,,,,,,,
182,Hermann Hemscheidt,Maschinenfabrik,Maschinenbau,unbekannt,"Bornberg 97, Elberfeld, Deutschland",Elberfeld,Bornberg 97-103,,,,,,.05.42,8,,,,,,
183,Otto Henrich,Galoschenfabrik,Textilindustrie,nein,"Schorfer Str. 10, Cronenberg, Deutschland",Cronenberg,Schorfer Str. 10,,,,,27.4.1943,,,,,,,,
184,"Heson Werk [Zweigwerk der Herring & Sohn, Ennepetal-Milspe]",,Metallindustrie,ja,,Oberbarmen,,,,,,13.8.1942,Ostarbeiter:,15,15,0,ohne Straßenangabe,,,
185,Richard Herberholz K.G.,Fabrik für landwirtschaftliche Geräte,Maschinenbau,ja,"Emil-Rittershaus-Straße 5, Barmen, Deutschland",Barmen,Emil-Rittershaus-Straße 5-5 a,,,,,11.3.1944,Ostarbeiter:,18,18,0,,,,
186,Dr. Kurt Herberts & Co.,Lackfabrik,Chemie,ja,"Christbusch 25, Barmen, Deutschland",Barmen,Christbusch 25,,,,,13.8.1942,Ostarbeiter:,62,0,62,,,,
187,Wilhelm Hermes KG,"Stahlhoch- und Brückenbau, Zahnräder",xxx,unbekannt,"Beule 8 b, Wichlinghausen, Deutschland",Wichlinghausen,Beule 8 b,,,,,13.8.1942,Ostarbeiter:,30,30,0,,,,
188,Alois Hesse,Autoverwertung,xxx,unbekannt,"Treppenstr. 16, Elberfeld, Deutschland",Elberfeld,Treppenstr. 16,,,,,,,,,,,,,
189,Otto Heyer,Mechanische Futterstoff-Weberei,Textilindustrie,nein,"Hesselnberg 97, Barmen, Deutschland",Barmen,Hesselnberg 97-97a,,,,,27.4.1943,Niederländer,,,,,,,
190,Gebr. Hilgeland,Maschinenfabrik,Maschinenbau,ja,"Im Rehsiepen 33, Ronsdorf, Deutschland",Ronsdorf,Im Rehsiepen 33-35,,,,,27.4.1943,Franzosen,,,,,,,
191,Dr. Fritz Hillringhaus,Preßhefefabrik und Brennerei,Lebensmittelindustrie,nein,"Rauental 51, Barmen, Deutschland",Oberbarmen,Rauental 51-59,,,,,27.4.1943,Polen,,,,,,,
192,Hindrichs-Auffermann A.G.,"Metall-, Walz- und Plattierwerk",Metallindustrie,nein,"Heckinghauser Str. 118, Barmen, Deutschland",Barmen,Heckinghauser Str. 118-120,,,,,13.8.1942,Ostarbeiter:,84,0,84,,,,
193,Dr. Hans Höring,Konserven- und Marmeladenfabrik,Lebensmittelindustrie,nein,"Viehhofstr. 33 A, Elberfeld, Deutschland",Elberfeld,Viehhofstr. 33 A,,,,,,,,,,,,,
194,Hogarten & Co. KG,Ronsdorfer Ziegelwerk,Ziegelei,nein,"Nibelungenstr. 67, Ronsdorf, Deutschland",Ronsdorf,Nibelungenstr. 67,,,,,30.6.1944,Ausländer, ohne Nationalitätenanga- be: 38 Männer [Angabe durch C.R. mod.] 0 F Ostarbeitern,38,,,,,
195,Homann-Werke Wilhelm Homann,Herdfabrik,Metallindustrie,nein,"Scheffelstr. 37, Vohwinkel, Deutschland",Vohwinkel,Scheffelstr. 37,,,,,13.8.1942,Ostarbeiter:,175,96,79,,,,
196,J. & A. Homberg,Kraftstoffgroßhandel,Handel / Dienstleistungen,nein,"Zur Scheuren 24, Barmen, Deutschland",Barmen,Zur Scheuren 24-30,,,,,30.4.1943,Deutsche,55,52,3,,,,
197,Wilhelm Hoppe,Holzbau,Bauunternehmen,nein,"Tunnelstr. 28, Barmen, Deutschland",Barmen,Tunnelstr. 28,,,,,27.4.1943,Polen,,,,,,,
198,Josef Hora,Schraubenfabrik,Metallindustrie,ja,"Langerfelder Str. 80, Barmen, Deutschland",Barmen,Langerfelder Str. 80,,,,,27.4.1943,Polen,,,,,,,
199,Ewald Hölschen,Dampfwäscherei,Textilindustrie,nein,"Uellendahler Str. 240, Elberfeld, Deutschland",Elberfeld,Uellendahler Str. 240,,,,,,,,,,,,,
200,Hugo Hösterey,Werkzeugfabrik und Hammerwerk,Metallindustrie,nein,"Sudberger Str. 49, Cronenberg, Deutschland",Cronenberg,Sudberger Str. 49,,,,,27.4.1943,Ostarbeiter:,3,3,0,,,,
201,Hortmann & Fomm (HOFO),"Keks-, Zwieback- und Waffel-Fabrik",Lebensmittelindustrie,nein,"Goldlackstr. 30, Ronsdorf, Deutschland",Ronsdorf,Goldlackstr. 30,,,,,,,,,,,,,
202,Hotel zur Post,"Hotel, Inhaber Josef Ahn",Gastgewerbe,ja,"Poststraße 4, Elberfeld, Deutschland",Elberfeld,Poststraße 4,,,,,11.3.1944,Ostarbeiter:,11,7,4,,,,
203,Walter Hufstadt,Metallgießerei und Beschlägefabrik,Metallindustrie,nein,"Hahnerbergerstraße 30, Elberfeld, Deutschland",Elberfeld,Hahnerbergerstraße 30-32,,,,,2.3.1943,,,,,,,,
204,Gebrüder Hülstrunk,"Kohlen, Koks, Briketts",Handel / Dienstleistungen,nein,"Obergrünewalder Str. 12a, Elberfeld, Deutschland",Elberfeld,Obergrünewalder Str. 12a,,,,,27.4.1943,Niederländer,,,,,,,
205,"Hüsecken, Holzrichter & Co.",Kaltwalzwerk u. Lackiererei,Metallindustrie,ja,"Am Eckstein 15, Barmen, Deutschland",Barmen,Am Eckstein 15,,,,,27.4.1943,Niederländer,,,,,,,
206,Schlaraffia-Werke Hüser & Co. KG,Matratzenfabrik,xxx,nein,"Kreuzstr. 29, Wichlinghausen, Deutschland",Wichlinghausen,Kreuzstr. 29-31,,,,,13.8.1942,Ostarbeiter:,49,0,49,,,,
207,Arthur Huppertsberg KG,"Fabrik in Gummilitzen, Kordeln",Textilindustrie,nein,"Hagenauer Straße 30, Elberfeld, Deutschland",Elberfeld,Hagenauer Straße 30-32,,,,,27.4.1943,Niederländer,,,,,,,
208,Imo-Großdruckerei Carl H. Vollmer,Druckerei,Druckwesen,nein,"Kleiner Werth 46, Barmen, Deutschland",Barmen,Kleiner Werth 46,,,,,27.4.1943,Franzosen,,,,,,,
209,Ingenia [Ludwig Böddecker & A. Neiman],Schloß- und Metallwarenfabrik,Metallindustrie,nein,"Wiescherstraße 11, Wichlinghausen, Deutschland",Wichlinghausen,Wiescherstraße 11-13,,,,,,,,,,,,,
210,Gebr. Itter,Werkzeugfabrik,Metallindustrie,nein,"Theishahner Straße 45 a, Küllenhahn, Deutschland",Küllenhahn,Theishahner Straße 45 a,,,,,27.4.1943,Ostarbeiter:,5,5,0,,,,
211,Gebr. Jacobi GmbH,Gartenbau,Gärtnerei,nein,"Nietzschestr. 25, Vohwinkel, Deutschland",Vohwinkel,Nietzschestr. 25,,,,,27.4.1943,Niederländer,,,,,,,
212,G. & J. Jaeger GmbH,"Maschinenfabrik, Kugellager",Maschinenbau,unbekannt,"Mettmanner Str. 79, Elberfeld, Deutschland",Elberfeld,Mettmanner Str. 79-99,,,,,,.05.42,8,,,,,,
213,Theodor Janning,Gärtnerei,Gärtnerei,nein,"Kohlstraße 92, Elberfeld, Deutschland",Elberfeld,Kohlstraße 92,,,,,,,,,,,,,
214,Leo Janssen,Großschlachterei,Lebensmittelindustrie,nein,"Viehhofstraße 112, Elberfeld, Deutschland",Elberfeld,Viehhofstraße 112,,,,,,,,,,,,,
215,Gebr. Jeude,Werkzeugfabrik,Metallindustrie,unbekannt,"Küllenhahner Str. 27, Küllenhahn, Deutschland",Küllenhahn,Küllenhahner Str. 27,,,,,,,,,,,,,
216,Wilhelm Jöcker,Kleineisenwarenfabrik,Metallindustrie,unbekannt,"Kemmannstr. 70, Cronenberg, Deutschland",Cronenberg,Kemmanstr. 70,,,,,,,,,,,,,
217,Fritz Joel,Kohlengroßhandel,Handel / Dienstleistungen,nein,"Loher Str. 8, Barmen, Deutschland",Barmen,Loher Str. 8,,,,,27.4.1943,Franzosen,,,,,,,
218,C. + P. Joest,Stahlbau,Bauunternehmen,nein,"Winchenbachstr. 88, Barmen, Deutschland",Barmen,Winchenbachstr. 88,,,,,38.11.1942,Deutsche,43,41,2,,,,
219,August Jung Söhne,Druckerei,Druckwesen,nein,"Rauer Werth 7a, Barmen, Deutschland",Barmen,Rauer Werth 7a,,,,,27.4.1943,,,,,,,,
220,P. Hermann Jung,Maurerkellenfabrik,Metallindustrie,ja,"Küllenhahner Str. 29, Küllenhahn, Deutschland",Küllenhahn,Küllenhahner Str. 29,,,,,27.4.1943,Ostarbeiter:,5,5,0,,,,
221,Werner Jungmann,DKW-Autohandel,Handel / Dienstleistungen,ja,"Heckinghauser Str. 102, Barmen, Deutschland",Barmen,Heckinghauser Str. 102-106,,,,,27.4.1943,Belgier,,,,,,,
222,Kabel- und Drahtwerk AG (an anderer Stelle: Kabel- und Gummiwerk AG),,Elektrotechnik,unbekannt,"Vohwinkeler Str. 71, Vohwinkel, Deutschland",Vohwinkel,Vohwinkeler Str. 71-83,,,,,28.10.1942,Ostarbeiter:,70,53,17,,,,
223,"Wwe, Peter Kampermann",Wäscherei,Textilindustrie,nein,"In der Ossenbeck 3, Elberfeld, Deutschland",Elberfeld,In der Ossenbeck 3,,,,,27.4.1943,Franzosen,,,,,,,
224,Käseberg & Co. KG,Wuppertaler Bandwebstuhlfabrik,Maschinenbau,nein,"Linderhauser Str. 42 a, Barmen, Deutschland",Barmen,Linderhauser Str. 42 a,,,,,28.10.1942,Ostarbeiter:,6,0,6,,,,
225,Fritz Karthaus,Reinigungsanstalt [Färberei?],Textilindustrie,nein,"Loher Str. 29 a, Barmen, Deutschland",Barmen,Loher Str. 29 a,,,,,,,,,,,,,
226,J. C. E.Kaufmann,Metallwarenwerke (Markenname: HERKULES ),Metallindustrie,nein,"Vohwinkeler Str. 161, Vohwinkel, Deutschland",Vohwinkel,Vohwinkeler Str. 161,,,,,13.8.1942,Ostarbeiter:,30,0,30,,,,
227,Keesewinkel,Wuppertal-Barmen,unbekannt,nein,,,,,,,,27.4.1943,Polen,,,,,,,
228,Gebr. Kehrenberg,Gurt- und Gummibandweberei,Textilindustrie,unbekannt,"Eintrachtstraße 29, Barmen, Deutschland",Barmen,Eintrachtstraße 29-31,,,,,30.11.1942,Deutsche,33,23,20,,,,
229,Wilhelm Keil,Fräskettenwerkzeugfabrik,Metallindustrie,unbekannt,"Hastener Str. 14, Cronenberg, Deutschland",Cronenberg,Hastener Str. 14,,,,,13.8.1942,Ostarbeiter:,5,5,0,,,,
230,Ewald Kellermann,Gardina-Band-Kordel Werk,Textilindustrie,ja,"Ritterstr. 68, Barmen, Deutschland",Barmen,Ritterstr. 68-70,,,,,27.4.1943,Polen,,,,,,,
231,Peter Kikuth,KUKI Pfefferminztablettenfabrik (auch Kaffeerösterei),Lebensmittelindustrie,nein,"Gosenburg 47, Barmen, Deutschland",Barmen,Gosenburg 47,,,,,28.10.1942,Ostarbeiter:,1,1,0,,,,
232,Gustav Kipper sen.,Schraubenfabrik,Metallindustrie,nein,"Buscherhofer Straße 1, Cronenberg, Deutschland",Cronenberg,Buscherhofer Straße 1,,,,,13.8.1942,Ostarbeiter:,8,8,0,,,,
233,Kirberg & Co.,Baumaterialien,Baustoffe,ja,"Friesenstr. 1, Elberfeld, Deutschland",Elberfeld,Friesenstr. 1,,,,,27.4.1943,Ostarbeiter:,13,0,13,,,,
234,Julius Klärner jun.,"Werkzeugfabrik, Fräs- und Sägeketten",Metallindustrie,nein,"Schulweg 51, Cronenberg, Deutschland",Cronenberg,Schulweg 51,,,,,31.7.1943,Deutsche,7,5,2,,,,
235,Klein & Jonas,"Zimmer- und Schreinermeister, Sägewerk",Handwerk,nein,"Auf der Bleiche 30, Barmen, Deutschland",Barmen,Auf der Bleiche 30,,,,,28.10.1942,Ostarbeiter:,8,8,0,,,,
237,Hermann Kluge,Klaviaturenfabrik,Herstellung von Musikinstrumenten,nein,"Wuppermannstr. 23, Barmen, Deutschland",Barmen,Wuppermannstr. 23-27,,,,,13.8.1942,Ostarbeiter:,19,0,19,,,,
238,A. Knappstein & Co. KG,Maschinen- und Apparatebau,Maschinenbau,ja,"Veilchenstraße 27, Barmen, Deutschland",Barmen,Veilchenstraße 27,,,,,27.4.1943,Franzosen,,,,,,,
239,Heinrich Koch Söhne,Bauunternehmung,Bauunternehmen,nein,"Nassaustr. 21, Wuppertal, Deutschland",Barmen,Nassaustr. 21,,,,,,,,,,,,,
240,Köhler & Bovenkamp,Kettenfabrik,Metallindustrie,nein,"Hatzfelder Str. 115, Barmen, Deutschland",Barmen,Hatzfelder Str. 115,,,,,13.8.1942,Ostarbeiter:,32,8,24,,,,
241,Herbert Kölker,Adler-Automobil-Verkauf,Handel / Dienstleistungen,ja,"Friedrich-Ebert-Straße 101, Elberfeld, Deutschland",Elberfeld,Friedrich-Ebert-Straße 101,,,,,27.4.1943,Franzosen,,,,,,,
242,Christoph Köppel,Bäckerei,xxx,nein,"Oberdörnen 101, Barmen, Deutschland",Barmen,Oberdörnen 101,,,,,,,,,,,,,
243,Wilhelm Körting,Maschinenfabrik,Maschinenbau,nein,"Siegesstraße 90a, Barmen, Deutschland",Barmen,Siegesstraße 90a,,,,,,3,194,,,,,,
244,Otto Kötter GmbH,Ketten- und Schraubenfabrik,Metallindustrie,ja,"Unterdörnen 11, Barmen, Deutschland",Barmen,Unterdörnen 11-17,Barmen,Oberdörnen 8,,,13.8.1942,Ostarbeiter:,20,0,20,,,,
245,Kolb & Co.,Schrauben- und Drehteilwerk,Metallindustrie,ja,"Rathenaustraße 23, Barmen, Deutschland",Barmen,Rathenaustraße 23,,,,,,.05.42,8,,,,,,
246,Kolk & Co.,Holzhandlung,Baustoffe,ja,"Kaiserstraße 29, Vohwinkel, Deutschland",Vohwinkel,Kaiserstraße 29,,,,,28.10.1942,Ostarbeiter:,3,3,0,,,,
247,Alfred Koll,Werkzeugfabrik,Metallindustrie,nein,"Hohlenscheidter Str. 57, Hahnerberg, Deutschland",Hahnerberg,Holenscheidter Str. 57,,,,,,,,,,,,,
248,J. A. Koster & Co. [=Köster & Adolphs (?)],Baugeschäft,Baustoffe,nein,"Wittener Str. 121, Barmen, Deutschland",Barmen,Wittener Str. 121,,,,,,,,,,,,,
249,Daniel Kremendahl,Werkzeugfabrik,Metallindustrie,unbekannt,"Kohlfurther Str. 22, Cronenberg, Deutschland",Cronenberg,Kohlfurther Str. 22,,,,,27.4.1943,Niederländer,,,,,,,
250,Robert Kremer,Werkzeugfabrik und Gesenkschmiede,Metallindustrie,unbekannt,"Hahnerbergerstraße 72a, Küllenhahn, Deutschland",Küllenhahn,Hahnerbergerstraße 72a,,,,,27.4.1943,,,,,,,,
251,"Kremer, Sondermann & Cie.",Stahl- Walz- und Hammerwerk,Metallindustrie,nein,"Herichhauser Str. 57, Cronenberg, Deutschland",Cronenberg,Herichhauser Str. 57,,,,,27.4.1943,Ostarbeiter:,2,2,0,,,,
252,Emil Krenzler,Maschinenfabrik,Maschinenbau,unbekannt,"Fuchsstraße und Sanderstraße, Barmen, Deutschland",Barmen,Fuchsstraße und Sanderstraße,,,,,13.8.1942,Ostarbeiter:,20,0,20,,,,
253,Wilhelm Kreusch,Wärme- und Kälteschutzisolierungen,Kunststoffindustrie,unbekannt,"Rheinstraße 57, Elberfeld, Deutschland",Elberfeld,Rheinstraße 57,,,,,,,,,,,,,
254,Kriegsgefangenenverrechnungsstelle,,öffentliche Behörde,nein,"Friedrich-Engels-Allee 324, Barmen, Deutschland",Barmen,Friedrich-Engels-Allee 324,,,,,,,,,,,,,
255,Kromberg & Schubert (Kroschu),Kabel-Isolierrohr- und E-Motorenfabrik,Elektrotechnik,ja,"Spitzenstr. 37, Langerfeld, Deutschland",Langerfeld,Spitzenstr. 37,,,,,27.4.1943,Polen,,,,,,,
256,Wilhelm Krüger,Band- und Isolierbandfabrik,Elektrotechnik,nein,"Siegesstraße 108, Barmen, Deutschland",Barmen,Siegesstraße 108,,,,,,,,,,,,,
257,"Fried. Krupp AG Essen, Zweigwerk „Dreherei Wuppertal“ / „Widia Wuppertal“",,Metallindustrie,ja,"Clausenstraße 39, Barmen, Deutschland",Barmen,Clausenstraße 39,,,,,13.8.1942,Ostarbeiter:,108,30,78,,,,
258,Kruse & Söhne,Mechanische Band- und Kunstweberei,Textilindustrie,nein,"Ritterstr. 54, Barmen, Deutschland",Barmen,Ritterstr. 54-56,,,,,27.4.1943,Polen,,,,,,,
259,Kunstdarm GmbH,Wuppertal-Barmen,Lebensmittelindustrie,nein,"Bendahler Str. 70, Barmen, Deutschland",Barmen,Bendahler Str. 70-72,,,,,27.4.1943,Niederländer,,,,,,,
260,Kuntze & Söhne,unbekannt,unbekannt,nein,"Theishahner Str. 25, Cronenberg, Deutschland",Cronenberg,Theishahner Str. 25,,,,,,,,,,,,,
261,Lagergemeinschaft Opphof,Lagerverwaltung und -bewirtschaftung,xxx,nein,"Opphofer Straße, Elberfeld, Deutschland",Elberfeld,Opphofer Straße,,,,,11.3.1944,Ostarbeiter:,15,3,12,,,,
262,"„Lago“ – Landeslieferungsgenossenschaft des Sattler-, Tapezierer- und Polsterhandwerks",,xxx,nein,"Königsbergerstr. 1, Barmen, Deutschland",Barmen,Königsbergerstr. 1-17,,,,,,,,,,,,,
263,D. La Porte Söhne,Schloß- und Beschlägefabrik,Metallindustrie,ja,"Wartburgstr. 21, Barmen, Deutschland",Barmen,Wartburgstr. 21,,,,,,,,,,,,,
264,Walter Lehnemann,Arbeiterschutzbekleidung,Textilindustrie,nein,"Auf der Bleiche 9, Barmen, Deutschland",Barmen,Auf der Bleiche 9,,,,,13.8.1942,Ostarbeiter:,14,0,14,,,,
265,Leimbacher Hütte Hollweg & Co.,"Eisengießerei für Grau-, Hart- und Temperguß",Metallindustrie,nein,"Leimbacher Str. 83, Barmen, Deutschland",Barmen,Leimbacher Str. 83,,,,,28.10.1942,Ostarbeiter:,1,1,0,,,,
266,Siegfried Leithäuser,Herrenkleiderfabrik,Textilindustrie,nein,"Hofaue 47, Elberfeld, Deutschland",Elberfeld,Hofaue 47-49,,,,,27.4.1943,Polen,,,,,,,
267,Carl Lenzner,Schraubenfabrik,Metallindustrie,ja,"Sanderstraße 30, Barmen, Deutschland",Barmen,Sanderstraße 30,,,,,13.8.1942,Ostarbeiter:,22,22,0,,,,
268,J. Leonhards Söhne,Gartengestaltung/Baumschulen,Gärtnerei,ja,"Im Kirschsiepen 20, Vohwinkel, Deutschland",Vohwinkel,Im Kirschsiepen 20,,,,,27.4.1943,Niederländer,,,,,,,
269,Limbach & Bonert KG [„Linde’sches Eiswerk“],,Metallindustrie,nein,"Hünefeldstr. 1, Barmen, Deutschland",Barmen,Hünefeldstr. 1-19,,,,,,,,,,,,,
270,Emil Linde,Maschinenfabrik,Maschinenbau,nein,"Carnaperstr. 126, Barmen, Deutschland",Barmen,Carnaperstr. 126,,,,,,.10.42,23,,,,,,
271,Johann Linnenbürger,Maschinenfabrik,Maschinenbau,nein,"Marktstr. 11, Wuppertal-Ronsdorf, Deutschland",Ronsdorf,Marktstr. 11,,,,,,,,,,,,,
272,Wilhelm Lörken,Lackfabrik,Chemie,ja,"Clausenstraße 35, Barmen, Deutschland",Barmen,Clausenstraße 35-37,,,,,,,,,,,,,
273,August Lohe,Bau-Unternehmung,Bauunternehmen,unbekannt,"Friedrich-Engels-Allee 118, Barmen, Deutschland",Barmen,Friedrich-Engels-Allee 118,,,,,27.4.1943,Polen,,,,,,,
274,Reinhold Lohe,Gesenkschmiede,Metallindustrie,nein,"Kohlfurther Brücke 14, Cronenberg, Deutschland",Cronenberg,Kohlfurther Brücke 14-16,,,,,13.8.1942,Ostarbeiter:,7,7,0,,,,
275,Lohmann & Stuhlmann,Werkzeugfabrik,Metallindustrie,nein,"Oberkamperstr. 22A, Cronenberg, Deutschland",Cronenberg,Oberkamperstr. 22A,,,,,,,,,,,,,
276,Alba Werke Adolf Lübbertsmeier A.G.,Kaltwalzwerk,Metallindustrie,nein,"Sternstraße 19, Barmen, Deutschland",Barmen,Sternstraße 19-21,,,,,27.4.1943,Ostarbeiter:,22,1,21,,,,
277,Peter August Lückenhaus,"Mech. Weberei f. Futterstoffe, Inhaber Plutte",Textilindustrie,nein,"Hatzfelder Str. 14 , Barmen, Deutschland",Barmen,Hatzfelder Str. 14 ,Barmen,Buchenstr. 58,,,27.4.1943,Niederländer,,,,,,,
278,Ewald Luft,,unbekannt,nein,"Mirker Straße 45, Elberfeld, Deutschland",Elberfeld,Mirker Straße 45,,,,,,3,194,,,,,,
279,August Luhn & Co. GmbH,Seifen- und Glyzerinfabriken,Chemie,nein,"Schwarzbach 91, Barmen, Deutschland",Barmen,Schwarzbach 91-103,,,,,,.05.42,8,,,,,,
280,Lusbrink & Schwebinghaus,Präzisionswerkzeugfabrik,Metallindustrie,ja,"Monschaustr. 27, Ronsdorf, Deutschland",Ronsdorf,Monschaustr. 27,,,,,27.4.1943,Ostarbeiter:,10,10,0,,,,
281,J. Machwürth,Apparatebau,Maschinenbau,nein,"Kaiserstr. 195, Vohwinkel, Deutschland",Vohwinkel,Kaiserstr. 195,,,,,27.4.1943,Belgier,,,,,,,
282,Karl Mäueler Barmer Eisen- und Blechwarenfabrik — Verzinkerei,,Metallindustrie,nein,"Alarichstr. 22, Barmen, Deutschland",Barmen,Alarichstr. 22,,,,,28.10.1942,Ostarbeiter:,10,10,0,,,,
282,Karl Mäueler Barmer Eisen- und Blechwarenfabrik — Verzinkerei,,Metallindustrie,nein,"Alarichstr. 22, Barmen, Deutschland",Barmen,Alarichstr. 22,,,,,27.4.1943,Ostarbeiter:,8,8,0,,,,
282,Karl Mäueler Barmer Eisen- und Blechwarenfabrik — Verzinkerei,,Metallindustrie,nein,"Alarichstr. 22, Barmen, Deutschland",Barmen,Alarichstr. 22,,,,,11.3.1944,Ostarbeiter:,24,0,24,,,,
283,J. Mai & Co. mbH,Bauunternehmung,Bauunternehmen,ja,"Varresbecker Str. 135a, Elberfeld, Deutschland",Elberfeld,Varresbecker Str. 135a,,,,,30.11.1942,Deutsche,39,37,2,,,,
284,Friedrich Marcus,Werkzeugfabrik,Metallindustrie,nein,"Echoerstr. 25, Ronsdorf, Deutschland",Ronsdorf,Echoerstr. 25,,,,,13.8.1942,Ostarbeiter:,15,15,0,,,,
285,Matthes & Weber AG,Kalkwerk,Industrie der Steine und Erden,nein,"Auf dem Dorp, Elberfeld, Deutschland",Elberfeld,Auf dem Dorp,,,,,27.4.1943,Polen,,,,,,,
286,Matthey & Lenz,Kohlenhandlung,Handel / Dienstleistungen,nein,"Liegnitzer Straße 47, Barmen, Deutschland",Barmen,Liegnitzer Straße 47,,,,,27.4.1943,Polen,,,,,,,
287,August Meckenstock,Molkerei,Lebensmittelindustrie,nein,"Ferdinand Schrey Str., Elberfeld, Deutschland",Elberfeld,Ferdinand Schrey Str.,,,,,,,,,,,,,
288,Melchior & Jörgens,Spritzgußfabrik,Kunststoffindustrie,nein,"Wittener Str. 37 A, Barmen, Deutschland",Barmen,Wittener Str. 37 A,,,,,31.8.1943,Deutsche,8,7,1,,,,
289,Autohaus Merkur,Autohaus,Kraftfahrzeugindustrie,nein,"Werther Brücke 11, Barmen, Deutschland",Barmen,Werther Brücke 11,,,,,,,,,,,,,
290,Metzenauer & Jung,Spezialfabrik für elektr. Apparate,Elektrotechnik,unbekannt,"Charlottenstr. 88, Elberfeld, Deutschland",Elberfeld,Charlottenstr. 88,,,,,11.3.1944,Ostarbeiter:,25,22,3,,,,
291,Werner Michel,Kohlenhändler,Handel / Dienstleistungen,ja,"Rheinstr. 21, Elberfeld, Deutschland",Elberfeld,Rheinstr. 21,,,,,,,,,,,,,
292,Michels Brotfabrik,"Ernst Michel, Wwe. Heinrich Michel",Lebensmittelindustrie,nein,"Forststraße 4, Ronsdorf, Deutschland",Ronsdorf,Forststraße 4,,,,,28.10.1942,Ostarbeiter:,5,5,0,,,,
293,Heinrich Misselke,Tiefbauunternehmung,Bauunternehmen,nein,"Grifflenberg 153, Elberfeld, Deutschland",Elberfeld,Grifflenberg 153,,,,,27.4.1943,Niederländer,,,,,,,
294,Mittelsten-Schee & Co.,Maschinenfabrik,Maschinenbau,nein,"Ackerstr. 12, Barmen, Deutschland",Barmen,Ackerstr. 12,,,,,13.8.1942,Ostarbeiter:,20,0,20,,,,
295,Gebrüder Möbers,"Hoch-, Tief- und Eisenbetonbau",Bauunternehmen,nein,"Neue Friedrichstr. 40, Elberfeld, Deutschland",Elberfeld,Neue Friedrichstr. 40,,,,,27.4.1943,Niederländer,,,,,,,
296,Theodor Möhle,Kunst- und Bauschlosserei,Metallindustrie,unbekannt,"Neuenteich 93, Elberfeld, Deutschland",Elberfeld,Neuenteich 93,,,,,11.3.1944,Ostarbeiter:,10,10,0,,,,
297,Mülder [Inhaber: Bruno Holl],Fahrzeugbau,Kraftfahrzeugindustrie,unbekannt,"Friedrich-Ebert-Straße 99, Elberfeld, Deutschland",Elberfeld,Friedrich-Ebert-Straße 99-101,,,,,,,,,,,,,
298,Simon Möller,Wagen- und Karosseriebau,Kraftfahrzeugindustrie,nein,"Berliner Straße 202 a, Barmen, Deutschland",Barmen,Berliner Straße 202 a,,,,,27.4.1943,Franzosen,,,,,,,
299,Mollerus Waschanstalt GmbH,,Textilindustrie,nein,"Winchenbachstr. 18, Barmen, Deutschland",Barmen,Winchenbachstr. 18-20,,,,,,.10.42,23,,,,,,
300,Hans Moog [=Deutsches Leucht- u. Signalmittelwerk Dr. Feistel KG],,Pyrotechnik,nein,"Flügel 1, Ronsdorf, Deutschland",Ronsdorf,Flügel 1,,,,,13.8.1942,Ostarbeiter:,26,0,26,"51.20882135950157, 7.206470920702639",,,
301,Maschinenfabrik Mühleissen,Aufzug- und Maschinenfabrik,Maschinenbau,nein,"Industriestr. 31, Sonnborn, Deutschland",Sonnborn,Industriestr. 31,,,,,31.1.1944,Deutsche,56,36,20,,,,
302,Fritz Müller,Elektroisoliermaterial-Fabrikation,Elektrotechnik,ja,"Haßlinghauser Str. 102, Barmen, Deutschland",Barmen,Haßlinghauser Str. 102,,,,,13.8.1942,Ostarbeiter:,40,0,40,,,,
303,Wilhelm Müller,Bauunternehmung,Bauunternehmen,nein,"Simonsstraße 13, Elberfeld, Deutschland",Elberfeld,Simonsstraße 13,,,,,27.4.1943,Niederländer,,,,,,,
304,Müller & Neumann,Fabrik für lufttechnische Anlagen,xxx,nein,"Rott 20, Barmen, Deutschland",Barmen,Rott 20,,,,,27.4.1943,Niederländer,,,,,,,
305,Gebr. Müssigbrodt,Maschinen- und Apparatebau,Maschinenbau,nein,"Simonsstraße 59, Elberfeld, Deutschland",Elberfeld,Simonsstraße 59,,,,,,,,,,,,,
306,Erich Naumann,Kohlenhandlung,Handel / Dienstleistungen,nein,"Weißenburgstr. 15, Elberfeld, Deutschland",Elberfeld,Weißenburgstr. 15,,,,,,,,,,,,,
307,Neuhaus & Sohn,"Stückfärberei, Appretur, Breitschlichter",Textilindustrie,nein,"Hatzfelder Str. 12, Barmen, Deutschland",Barmen,Hatzfelder Str. 12-14,,,,,27.4.1943,Ostarbeiter:,15,0,15,,,,
308,Werner Neumann,Kunstharzpresserei,Kunststoffindustrie,unbekannt,"Peterstr. 8 A, Barmen, Deutschland",Barmen,Peterstr. 8 A,,,,,31.8.1943,Deutsche,3,,,,,,
309,Alfred Nolte „Hotel zum Römer“,Hotel,Gastgewerbe,nein,"Kipdorf 77, Elberfeld, Deutschland",Elberfeld,Kipdorf 77,,,,,,,,,,,,,
310,Arthur Nolzen,Industrieofenbau,Maschinenbau,ja,"Scheidtstraße 13, Ronsdorf, Deutschland",Ronsdorf,Scheidstraße 13,,,,,,3,194,,,,,,
311,Willi Nouvortne,Kohlenhandlung,Handel / Dienstleistungen,nein,"Hofkamp 48, Elberfeld, Deutschland",Elberfeld,Hofkamp 48-56,,,,,,,,,,,,,
312,H. Oetelshofen & Co. KG,Kalkwerk in Dornap,Industrie der Steine und Erden,ja,"Hahnenfurth 5, Wuppertal, Deutschland",Dornap,Hahnefurth 5,,,,,12.8.1942,,,,,,,,
313,Gustav Ohlig,Baugeschäft,Baustoffe,nein,"Kölner Straße 96, Elberfeld, Deutschland",Elberfeld,Kölner Straße 96,,,,,27.4.1943,Sonstige,,,,,,,
314,W. & M. Ostermann,Maschinen- und Getriebebau,Maschinenbau,ja,"Gewerbeschulstr. 92, Barmen, Deutschland",Barmen,Gewerbeschulstr. 92-94,Barmen,Germanenstr. 4,,,27.4.1943,Franzosen,,,,,,,
315,Walter Osthoff,Maschinenfabrik,Maschinenbau,nein,"Kiesbergstr. 25, Elberfeld, Deutschland",Elberfeld,Kiesbergstr. 25,,,,,,,,,,"hier muss noch recherchiert werden, um welche Hausnr. Es sich heute in der Simonstr. Handelt",,,
316,Wilhelm Paashaus „Mechanische Weberei Barmen“,Textilien,Textilindustrie,nein,"Schützenstr. 25, Barmen, Deutschland",Barmen,Schützenstr. 25,,,,,27.4.1943,Niederländer,,,,,,,
317,Gebr. Pandel,Werkzeugfabrik,Metallindustrie,nein,"Küllenhahner Str. 33 b, Küllenhahn, Deutschland",Küllenhahn,Küllenhahner Str. 33 b,,,,,27.4.1943,Ostarbeiter:,6,6,0,,,,
318,Abraham & Alex Pandel,Werkzeugfabrik,Metallindustrie,nein,"Küllenhahner Str. 42, Küllenhahn, Deutschland",Küllenhahn,Küllenhahner Str. 42,,,,,27.4.1943,Ostarbeiter:,1,1,0,,,,
320,Friedrich Pass,Holzwarenfabrik,xxx,nein,"Küllenhahner Str. 48, Küllenhahn, Deutschland",Küllenhahn,Küllenhahner Str. 48,,,,,28.2.1943,Deutsche,14,11,3,,,,
321,Wilhelm Pass,Werkzeugfabrik,Metallindustrie,nein,"Küllenhahner Str. 52, Küllenhahn, Deutschland",Küllenhahn,Küllenhahner Str. 52,,,,,27.4.1943,Ostarbeiter:,3,3,0,,,,
322,Paulmann & Kellermann,Briefumschlagfabrik,Papierindustrie,nein,"Klophausstraße 25, Elberfeld, Deutschland",Elberfeld,Klophausstraße 25,,,,,31.12.1942,Deutsche,52,24,28,,,,
323,Paul Petzel (ehem. August Petzel),Gärtnerei,Gärtnerei,nein,"Olgastr. 8, Barmen, Deutschland",Barmen,Olgastr. 8,,,,,,,,,,,,,
324,Pfenning-Schumacher-Werke,Knopffabrik,Textilindustrie,nein,"Alarichstr. 18, Barmen, Deutschland",Barmen,Alarichstr. 18,,,,,,,,,,,,,
325,Otto Pferdehirt,Tabakfabrik und -handlung,Genussmittelindustrie,nein,"Leonhardstr. 28, Barmen, Deutschland",Barmen,Leonhardstr. 28,,,,,,,,,,,,,
326,Joh. Hermann Picard,Werkzeugfabrik,Metallindustrie,ja,"Rottsiepen 15, Cronenberg, Deutschland",Cronenberg,Rottsiepen 15,,,,,13.8.1942,Ostarbeiter:,10,10,0,,,,
327,Albert Pickshaus,,,unbekannt,,,,,,,,,,,,,,,,
328,Rudolf Piel & Söhne,Bauunternehmung,Bauunternehmen,nein,"Klotzbahn 30, Elberfeld, Deutschland",Elberfeld,Klotzbahn 30,,,,,27.4.1943,Niederländer,,,,,,,
329,Walter Pieper,Kohlenhandlung,Handel / Dienstleistungen,nein,"Windstr. 7, Elberfeld, Deutschland",Elberfeld,Windstr. 7-11,,,,,,,,,,,,,
330,August Pistor,Ledertreibriemenfabrik,Textilindustrie,nein,"Hahnerberger Str. 229, Hahnerberg, Deutschland",Hahnerberg,Hahnerberger Str. 229,,,,,31.1.1943,Deutsche,8,5,3,,,,
331,Friedrich Pötz,Stielfabrik,xxx,nein,"Küllenhahnerstraße 25, Küllenhahn, Deutschland",Küllenhahn,Küllenhahnerstraße 25,,,,,31.12.1942,Deutsche,30,23,7,,,,
332,Ernst Pott GmbH,Maschinenfabrik,Maschinenbau,nein,"Schönebecker Str. 27a, Barmen, Deutschland",Barmen,Schönebecker Str. 27a,,,,,13.8.1942,Ostarbeiter:,19,19,0,,,,
333,Paul Prause,Maschinenfabrik,Maschinenbau,nein,"Norrenberg Str. 28, Barmen, Deutschland",Barmen,Norrenberg Str. 28,,,,,,,,,,,,,
334,Presta-Metallwerk GmbH,,Metallindustrie,nein,"Lantert 5, Elberfeld, Deutschland",Elberfeld,Lantert 5,,,,,13.8.1942,Ostarbeiter:,20,0,20,,,,
335,Prinz & Kremer,Maschinenmesser- und Werkzeugfabrik,Metallindustrie,nein,"Borner Str. 30, Cronenberg, Deutschland",Cronenberg,Borner Str. 30,,,,,,3,194,,,,,,
336,Protex-Gesellschaft — Berger & Wever,Gummiwaren,Kunststoffindustrie,nein,"Hauptstraße 88, Cronenberg, Deutschland",Cronenberg,Hauptstraße 88,,,,,27.4.1943,Niederländer,,,,,,,
337,Knipex - C. Gustav Putsch,Zangenfabrik,Metallindustrie,ja,"Oberkamper Str. 13, Cronenberg, Deutschland",Cronenberg,Oberkamper Str. 13,,,,,13.8.1942,Ostarbeiter:,28,28,0,,,,
338,Emil Putsch & Co. KG,Bauunternehmung,Bauunternehmen,nein,"Arrenberger Str. 35, Elberfeld, Deutschland",Elberfeld,Arrenberger Str. 35-37,,,,,30.11.1942,Deutsche,83,75,8,,,,
339,Ernst Quambusch,Senf- und Essigfabrik,Lebensmittelindustrie,nein,"Friedrich-Engels-Allee 87, Barmen, Deutschland",Barmen,Friedrich-Engels-Allee 87,,,,,,,,,,,,,
340,"Wilhelmswerk, Inh. Wilhelm Quante",Apparate der Fernmeldetechnik,Elektrotechnik,nein,"Vohwinkeler Str. 154, Vohwinkel, Deutschland",Vohwinkel,Vohwinkeler Str. 154,,,,,11.3.1944,Ostarbeiter:,35,1,34,,,,
341,Wilhelm Quante,Apparate der Fernmeldetechnik,Elektrotechnik,nein,"Uellendahler Str. 353, Wuppertal, Deutschland",Elberfeld,Uellendahler Str. 353,,,,,,,,,,,,,
342,"Gustav Rafflenbeul, Schwelm [=Hansa-Werk und Raffawerk Gustav Rafflenbeul]",Filmspulen,Metallindustrie,nein,"Oststraße 32, Wichlinghausen, Deutschland",Wichlinghausen,Oststraße 32,Barmen,Oberdörnen 72-74,,,,31.3.1944,Deutsche,158,103,55,,,
343,Rahm & Kampmann,Lederwarenfabrik,Textilindustrie,nein,"Wolkenburg 16, Elberfeld, Deutschland",Elberfeld,Wolkenburg 16,,,,,27.4.1943,Niederländer,,,,,,,
344,Eugen Rauhaus,Meß-Werkzeugfabrik,Maschinenbau,unbekannt,"Cronenfelder Str. 25, Cronenberg, Deutschland",Cronenberg,Cronenfelder Str. 25-25a,,,,,27.4.1943,Niederländer,,,,,,,
345,Rudolf Rautenbach GmbH [Zweigwerk Wuppertal-Barmen],Leichtmetall-Gießereien,NE-Metallindustrie,ja,"Winchenbachstr. 21, Barmen, Deutschland",Barmen,Winchenbachstr. 21,,,,,08.05.1942,Ostarbeiter:,43,43,0,,,,
346,Adolf Rebbig,Wuppertal-Elberfeld,unbekannt,nein,,,,,,,,27.4.1943,Niederländer,,,,,,,
347,Reichmann & Co.,"Schloß-, Schlüssel- und Metallwarenfabrik",Metallindustrie,nein,"Bendahlerstr. 30, Barmen, Deutschland",Barmen,Bendahlerstr. 30,Barmen,Hubert-Pfeiffer-Str. 2,,,28.2.1943,Deutsche,41,39,2,,,,
348,Kabelwerk Reinshagen,Kabelhersteller,Elektrotechnik,nein,"Dickestr. 23, Ronsdorf, Deutschland",Ronsdorf,Dickestr. 23,,,,,13.8.1942,Ostarbeiter:,122,0,122,,,,
349,P. FE. Reinshagen,Maschinenfabrik,Maschinenbau,ja,"Bredde 4, Barmen, Deutschland",Barmen,Bredde 4,,,,,13.8.1942,Ostarbeiter:,20,0,20,,,,
350,Otto Reinshagen,Landmaschinen,Maschinenbau,nein,"Dörpfeldstr. 49, Ronsdorf, Deutschland",Ronsdorf,Dörpfeldstr. 49-51,,,,,27.4.1943,Belgier,,,,,,,
351,Wilhelm Reising,Maschinenfabrik,Maschinenbau,ja,"Gewerbeschulstr. 101, Barmen, Deutschland",Barmen,Gewerbeschulstr. 101,Heckinghausen,Heidter Berg 30 a,,,27.4.1943,Polen,,,,,,,
352,E. u. W. Reitz,Uniformwerk,Textilindustrie,nein,"Langerfelder Str. 129 c, Langerfeld, Deutschland",Langerfeld,Langerfelder Str. 129 c,,,,,27.4.1943,Niederländer,,,,,,,
353,Rheinische Möbelstoffweberei vorm. Dahl & Hunsche AG,,Möbelindustrie,nein,"Hünefeldstr. 59, Barmen, Deutschland",Barmen,Hünefeldstr. 59,,,,,27.4.1943,Belgier,,,,,,,
354,Rheinische Textilfabriken AG,Mechanische Weberei,Textilindustrie,nein,"Friedrich-Ebert-Straße 138, Elberfeld, Deutschland",Elberfeld,Friedrich-Ebert-Straße 138-140,,,,,27.4.1943,Franzosen,,,,,,,
355,Rheinisch-Westfälische Kalkwerke,Kalkwerk,Industrie der Steine und Erden,nein,"Dornaperstr. 16, Wuppertal, Deutschland",Dornap,In der Beek o. Nr.,,,,,30.6.1944,,,,,,,,
356,Rheinisch-Westfälische Schuhwaren,Einkaufsvereinigung eGmbH,Handel / Dienstleistungen,ja,"Neumarktstraße 46, Elberfeld, Deutschland",Elberfeld,Neumarktstaße 46,,,,,27.4.1943,Niederländer,,,,,,,
357,Rhenus,Transportgesellschaft mbH,Logistik,ja,"Friedrich-Ebert-Straße 149a, Elberfeld, Deutschland",Elberfeld,Friedrich-Ebert-Straße 149a,,,,,27.4.1943,Franzosen,,,,,,,
358,Rittershaus & Blecher,"Maschinenfabrik, Vorrichtungsbau",Maschinenbau,ja,"Friedrich-Engels-Allee 192, Barmen, Deutschland",Barmen,Friedrich-Engels-Allee 192,,,,,13.8.1942,Ostarbeiter:,21,21,0,,,,
359,Heinrich Röttger,Gaststätte,Gastgewerbe,nein,"Kölner Str. 88, Elberfeld, Deutschland",Elberfeld,Kölner Str. 88,,,,,27.4.1943,Belgier,,,,,,,
360,Rosenkranz & Co.,Textilfabrik,Textilindustrie,nein,"Am Diek 97 a, Barmen, Deutschland",Barmen,Am Diek 97 a,,,,,,,,,,,,,
361,H. & G. Rüger,Weberei,Textilindustrie,nein,"Schwarzbach 148, Barmen, Deutschland",Barmen,Schwarzbach 148,,,,,27.4.1943,Polen,,,,,,,
362,E.W. Runge,Bauunternehmung,Bauunternehmen,nein,"Friedrich-Ebert-Straße 83, Elberfeld, Deutschland",Elberfeld,Friedrich-Ebert-Straße 83,,,,,30.11.1942,Deutsche,21,19,2,,,,
363,G. H. Sachsenröder,chem. tech. Pflanzenfaserveredelung,Textilindustrie,ja,"Friedrich-Engels-Allee 125, Barmen, Deutschland",Barmen,Friedrich-Engels-Allee 125-127,,,,,27.4.1943,"Franzosen, Belgier",,,,,,,
364,Sander & Hohmann,Autosattlerei,Kraftfahrzeugindustrie,nein,"Friedrich-Engels-Allee 374, Barmen, Deutschland",Barmen,Friedrich-Engels-Allee 374-376,,,,,11.3.1944,Ostarbeiter:,13,0,13,,,,
365,C. August Sandkühler,"Dampfziegelei, Baustoffe",Baustoffe,nein,"Winchenbachstr. 23, Barmen, Deutschland",Barmen,Winchenbachstr. 23,,,,,27.4.1943,Polen,,,,,,,
366,A. Sartorius,Wuppertaler Laternen- u. Metallwarenfabrik,Metallindustrie,nein,"Fuchsstraße 39, Barmen, Deutschland",Barmen,Fuchsstraße 39,,,,,13.8.1942,Ostarbeiter:,22,22,0,,,,
367,Fritz Sauerwald,Getriebebau,Metallindustrie,nein,"Oststraße 41, Wichlinghausen, Deutschland",Wichlinghausen,Oststraße 41,,,,,,,,,,,,,
368,Karl & Eugen Schäfer,Schreinerei,Handwerk,nein,"Meckelstraße 23, Barmen, Deutschland",Barmen,Meckelstraße 23,,,,,,,,,,,,,
369,Schaeffer-Homberg GmbH,Druckknopf- und Metallwarenfabrik,Textilindustrie,nein,"Schützenstr. 23, Barmen, Deutschland",Barmen,Schützenstr. 23,,,,,13.8.1942,Ostarbeiter:,30,0,30,,,,
370,Fritz Scheibler,Spezialmaschinenfabrik,Maschinenbau,nein,"Friedrich-Ebert-Straße 187, Elberfeld, Deutschland",Elberfeld,Friedrich-Ebert-Straße 187,,,,,30.9.1943,Deutsche,9,5,4,,,,
371,Vohwinkler Eisenwerk Heinrich Schirp,Maschinenfabrik,Maschinenbau,nein,"Bissingstr. 5, Vohwinkel, Deutschland",Vohwinkel,Bissingstr. 5,,,,,,,,,,,,,
372,Hermann Schlenkermann,"Bäckerei, dann Brotfabrik",Lebensmittelindustrie,nein,"Straße der Alten Garde 104 (Werth), Barmen, Deutschland",Barmen,Straße der Alten Garde 104 (Werth),,,,,13.8.1942,Ostarbeiter:,4,4,0,,,,
373,Schlieper & Laag GmbH,Textilfertigung,Textilindustrie,nein,"Buchenhofener Str. 49, Vohwinkel, Deutschland",Vohwinkel,Buchenhofener Str. 49,,,,,31.1.1944,Deutsche,202,135,67,,,,
374,J. Schlipkötter,Dauermilchwerk und Landwirtschaft,Lebensmittelindustrie,nein,"Nützenberger Str. 398 a, Elberfeld, Deutschland",Elberfeld,Nützenberger Str. 398 a,,,,,,,,,,,,,
375,Werner Schlüter,"Putzlappen, Dampfwäscherei",Textilindustrie,nein,"Breslauer Str. 62, Barmen, Deutschland",Barmen,Breslauer Str. 62,,,,,,,,,,,,,
376,F. A. Schmahl junior,Sägen- und Werkzeugfabrik,Metallindustrie,ja,"Oberheidt 21, Cronenberg, Deutschland",Cronenberg,Oberheidt 21,,,,,,,,,,,,,
377,Schmahl & Schulz,Metallwaren- und Beleuchtungskörperfab.,Metallindustrie,unbekannt,"Klingelholl 108, Barmen, Deutschland",Barmen,Klingelholl 108-110,,,,,,.05.42,8,,,,,,
378,Karl Schmalz junior,mech. Werkstätte,Metallindustrie,nein,"Auf der Bleiche 5, Barmen, Deutschland",Barmen,Auf der Bleiche 5,,,,,,,,,,,,,
379,Hans Schmeken,Gartenbaubetrieb,Gärtnerei,nein,"Boltenheide 5, Vohwinkel, Deutschland",Vohwinkel,Boltenheide 5,,,,,,,,,,,,,
380,Gebr. Schmidt,Kohlenhandlung,Handel / Dienstleistungen,nein,"[Gräfrather Str. 104-106??], Vohwinkel, Deutschland",Vohwinkel,[Gräfrather Str. 104-106??],,,,,,,,,,,,,
381,Peter Ludwig Schmidt „Werkzeugkönig“,"Werkzeuge, Stahl-, Eisen- und Metallwaren",Metallindustrie,ja,"Vereinstraße 14, Elberfeld, Deutschland",Elberfeld,Vereinstraße 14,,,,,31.12.1942,Deutsche,32,18,14,,,,
382,Schmidt & Co.,Papierwarenfabrik,Papierindustrie,nein,"Briefstraße 17, Elberfeld, Deutschland",Elberfeld,Briefstraße 17-23 a,,,,,13.8.1942,Ostarbeiter:,10,0,10,,,,
383,Schmitt & Co. KG,Maschinenfabrik „Barmenia“,Maschinenbau,unbekannt,"Wiescherstr. 13, Barmen, Deutschland",Barmen,Wiescherstr. 13,,,,,11.3.1944,Ostarbeiter:,20,20,0,,,,
384,Dr. Schmitz & Apelt,Industrie-Ofenbau,Maschinenbau,nein,"Clausewitzstr. 82, Langerfeld, Deutschland",Langerfeld,Clausewitzstr. 82-84,,,,,13.8.1942,Ostarbeiter:,19,19,0,,,,
385,August Schnakenberg & Co.°,Bleibearbeitungswerk,xxx,ja,"Beyenburger Str. 164, Barmen, Deutschland",Barmen,Beyenburger Str. 164,,,,,27.4.1943,Franzosen,,,,,,,
386,Otto Schnicks,Holzbearbeitung,xxx,nein,"Dammstr. 16, Elberfeld, Deutschland",Elberfeld,Dammstr. 16,,,,,31.1.1944,Deutsche,62,54,8,,,,
387,Franz Schönberg,Holzbau,xxx,nein,"Goetheplatz 2, Vohwinkel, Deutschland",Vohwinkel,Goetheplatz 2,,,,,28.10.1942,Ostarbeiter:,21,20,1,,,,
388,Schomburg & Graf,Gummiwarenfabrik,Kunststoffindustrie,ja,"Höfen 58, Barmen, Deutschland",Barmen,Höfen 58,,,,,11.3.1944,Ostarbeiter:,19,7,12,,,,
389,Rudolf Schröder,Armaturen- und Maschinenfabrik,Maschinenbau,nein,"Bornberg 47, Elberfeld, Deutschland",Elberfeld,Bornberg 47-53,,,,,,,,,,,,,
390,Friedrich Schubert,Maschinenfabrik,Maschinenbau,nein,"Neuenhofer Straße 36, Cronenberg, Deutschland",Cronenberg,Neuenhofer Straße 36,,,,,27.4.1943,Ostarbeiter:,10,10,0,,,,
391,Joh. Wilh. Schürmann,Chem. Fabrik und Chemikaliengroßhandel,Chemie,nein,"Buchenstr. 21, Barmen, Deutschland",Barmen,Buchenstr. 21-21b,,,,,30.6.1944,,,,,,,,
392,Wilhelm Schuh,Schrottgroßhandel,xxx,nein,"Hünefeldstr. 10, Barmen, Deutschland",Barmen,Hünefeldstr. 10,,,,,,,,,,,,,
393,Schuhmacherinnung Wuppertal,„Arbeitsgemeinschaft des Schuhmacher-Handwerks“,xxx,unbekannt,"Melanchthonstr. 25, Barmen, Deutschland",Barmen,Melanchthonstr. 25,,,,,13.8.1942,Ostarbeiter:,17,17,0,,,,
394,Schuhmacherinnung Cronenberg,,xxx,unbekannt,"Hauptstr. 23, Cronenberg, Deutschland",Cronenberg,Hauptstr. 23,,,,,,,,,,,,,
395,Peter Schumacher,Maschinenfabrik,Maschinenbau,nein,"Gustavstraße 12, Vohwinkel, Deutschland",Vohwinkel,Gustavstraße 12,,,,,13.8.1942,Ostarbeiter:,20,0,20,,,,
396,Otto Schumann — Barackenbau,Holzhandlung und Zimmerei,Baustoffe,nein,"Nevigeser Str. 15, Wuppertal, Deutschland",Elberfeld,"Nevigeser Str. 15, später: Eskesberg 6",,,,,13.8.1942,Ostarbeiter:,10,9,1,"päter: Eskesberg 6, Elberfeld,",,,
397,Erich Schulte,Schraubenfabrik,Metallindustrie,nein,"Langerfelder Str. 100 a, Barmen, Deutschland",Barmen,Langerfelder Str. 100 a,,,,,,,,,,,,,
398,Heinrich Schulte Inh. A. Hofmann,Stahlbau,Bauunternehmen,nein,"Friedrich-Ebert-Straße 153, Elberfeld, Deutschland",Elberfeld,Friedrich-Ebert-Straße 153-155,,,,,,,,,,,,,
399,Gebrüder Schutte,Bauunternehmung,Bauunternehmen,ja,"Reichsstraße 45, Barmen, Deutschland",Barmen,Reichsstraße 45,,,,,27.4.1943,Polen,,,,,,,
400,Hubert Schwedt,Aachener Thermalwasser-Vertrieb (Lager),Logistik,nein,"Laurentiusstraße 33, Elberfeld, Deutschland",Elberfeld,Laurentiusstraße 33,,,,,,,,,,,,,
401,Schwerdt & Co.,Kistenfabrik,xxx,nein,"Auf der Bleiche 30, Barmen, Deutschland",Barmen,Auf der Bleiche 30,,,,,27.4.1943,Franzosen,,,,,,,
402,Gebr. Sievers KG.,Zylinder- und Kurbelwellenschleiferei,Metallindustrie,nein,"Friedrich-Engels-Allee 192, Barmen, Deutschland",Barmen,Friedrich-Engels-Allee 192,,,,,,.05.42,8,,,,,,
403,Siller & Jamart,Dampfkesselproduktion,Maschinenbau,nein,"Zum Alten Zollhaus 24, Barmen, Deutschland",Barmen,Zum Alten Zollhaus 24,,,,,13.8.1942,Ostarbeiter:,27,27,0,,,,
404,Wilhelm Soennecken,Hammerwerk,Metallindustrie,ja,"Blombacherbach 12, Barmen, Deutschland",Barmen,Blombacherbach 12,,,,,31.1.1944,Deutsche,30,28,2,,,,
405,Gebrüder Sonntag,Früchtegroßhandlung,Handel / Dienstleistungen,nein,"Luisenstraße 94, Elberfeld, Deutschland",Elberfeld,Luisenstraße 94,,,,,27.4.1943,Niederländer,,,,,,,
406,Wilhelm Sopp,Wuppertal (0. Angaben),unbekannt,ja,"Wupperstr. 35, Elberfeld, Deutschland",Elberfeld,Wupperstr. 35,,,,,27.4.1943,Franzosen,,,,,,,
407,Specht Elektrizitätsgesellschaft,,xxx,unbekannt,"Schwanenstr. 33, Elberfeld, Deutschland",Elberfeld,Schwanenstr. 33,,,,,27.4.1943,Polen,,,,,,,
408,Carl Speer & Co.,Spedition,Logistik,nein,"Weidenstr. 24, Elberfeld, Deutschland",Elberfeld,Weidenstr. 24,,,,,27.4.1943,Franzosen,,,,,,,
409,H. Spelleken Nachf. KG,Maschinenfabrik,Maschinenbau,nein,"Rheinische Straße 14, Barmen, Deutschland",Barmen,Rheinische Straße 14,,,,,28.10.1942,Ostarbeiter:,28,28,0,,,,
410,Ewald Speth,Maschinenfabrik u. Drehteile,Maschinenbau,unbekannt,"Nordstr. 27, Elberfeld, Deutschland",Elberfeld,Nordstr. 27,,,,,27.4.1943,Ostarbeiter:,20,20,0,,,,
411,Artur Spiecker,Großanstriche,xxx,nein,"Sadowastr. 19, Elberfeld, Deutschland",Elberfeld,Sadowastr. 19,,,,,,,,,,,,,
412,Paul Spieker,"Elektrotechnik, Apparate- und Werkzeugbau",Elektrotechnik,nein,"Schlössersgasse 4, Elberfeld, Deutschland",Elberfeld,Schlössersgasse 4,,,,,27.4.1943,Polen,,,,,,,
413,Hermann Spier,Fleischwarenimport,Handel / Dienstleistungen,nein,"Viehhofstr. 120, Elberfeld, Deutschland",Elberfeld,Viehhofstr. 120,,,,,27.4.1943,Franzosen,,,,,,,
414,Stadthallen Gaststätte [Inhaber: W. Evers],Gastronomie,Gastgewerbe,nein,"Johannisberg, Elberfeld, Deutschland",Elberfeld,Johannisberg,,,,,,,,,,Adb. 1939 erfolglos geprüft,,,
415,Rudolf Staehely,Maschinenfabrik,Maschinenbau,nein,"Linderhauser Str. 32c, Nächstebreck, Deutschland",Nächstebreck,Linderhauser Str. 32c,,,,,13.8.1942,Ostarbeiter:,26,17,9,,,,
416,Wilhelm Steeger GmbH,Maschinenfabrik,Maschinenbau,ja,"Bahnstr. 47, Vohwinkel, Deutschland",Vohwinkel,Bahnstr. 47,,,,,27.4.1943,Franzosen,,,,,,,
417,Gebrüder vom Stein,Werkzeugfabrik,Metallindustrie,nein,"An den Friedhöfen 15, Ronsdorf, Deutschland",Ronsdorf,An den Friedhöfen 15,,,,,,,,,,,,,
418,Otto von den Steinen,Bäckermeister,xxx,ja,"Kuchhausen 102, Cronenberg, Deutschland",Cronenberg,Kuchhausen 102,,,,,27.4.1943,Niederländer,,,,,,,
419,Steinhoff & Co. KG,Wuppertaler Kraftfutterwerke,xxx,nein,"Schwarzbach 70, Barmen, Deutschland",Barmen,Schwarzbach 70-72 a,,,,,30.11.1942,Deutsche,7,5,2,,,,
420,Fritz Steller,Maschinenfabrik,Maschinenbau,nein,"Wittener Str. 73, Nächstebreck, Deutschland",Nächstebreck,Wittener Str. 73,,,,,27.4.1943,Ostarbeiter:,5,5,0,,,,
421,Wilhelm Stichtmann,Baugeschäft,Bauunternehmen,nein,"Schönebecker Str.145a, Barmen, Deutschland",Barmen,Schönebecker Str.145a,,,,,27.4.1943,Niederländer,,,,,,,
422,Walter Stock & Sohn,Schnürriemenfabrik,Textilindustrie,nein,"Untere Lichtenplatzerstraße 10 a, Barmen, Deutschland",Barmen,Untere Lichtenplatzerstraße 10 a,,,,,27.4.1943,Polen,,,,,,,
423,Stocko,Metallwarenfabriken Hugo und Kurt Henkels,Metallindustrie,ja,"Kirchhofstraße 52 a, Sonnborn, Deutschland",Sonnborn,Kirchhofstraße 52 a,,,,,13.8.1942,Ostarbeiter:,39,39,0,,,,
424,Friedrich Strack,"[Vohwinkel, ohne nähere Angaben]",unbekannt,ja,,,,,,,,,,,,,,,,
425,Carl Straßmann,Druckerei,Druckwesen,nein,"Reichsstraße 1, Barmen, Deutschland",Barmen,Reichsstraße 1,,,,,,,,,,,,,
426,Striebeck & Dierichs,Gelenkkettenfabrik,Metallindustrie,ja,"Germanenstr. 35, Barmen, Deutschland",Barmen,Germanenstr. 35-37,,,,,27.4.1943,Franzosen,,,,,,,
427,Svensson & Kuhler,Präzisionswerkzeugefabrik,Metallindustrie,nein,"Simonsstr. 1A, Elberfeld, Deutschland",Elberfeld,Simonsstr. 1a-3a,,,,,27.4.1943,Belgier,,,,,,,
428,Carl Aug. Tesche,Werkzeugfabrik,Metallindustrie,nein,"Teschensudberg 6, Cronenberg, Deutschland",Cronenberg,Teschensudberg 6,,,,,,,,,,,,,
429,Textilfaser KG M. E. Korff,,Textilindustrie,nein,"Heckinghauser Str. 263, Barmen, Deutschland",Barmen,Heckinghauser Str. 263-265,,,,,27.4.1943,Ostarbeiter:,24,0,24,,,,
430,Ernst Thielenhaus,Maschinenfabrik,Maschinenbau,ja,"Rudolfstraße 2, Barmen, Deutschland",Barmen,Rudolfstraße 2-4,,,,,13.8.1942,Ostarbeiter:,30,0,30,,,,
431,Maschinenfabrik Tienes,Maschinenfabrik,Maschinenbau,nein,"Löhrerlen 117 b, Wuppertal, Deutschland",Wichlinghausen,Löhrerlen 117 b,,,,,,,,,,,,,
432,Lebrecht Tigges,Schrauben und Werkzeuge,Metallindustrie,ja,"Kemmannstr. 26, Wuppertal-Cronenberg, Deutschland",Cronenberg,Kemmanstr. 26,,,,,,,,,,,,,
433,Lebrecht Töllner,Schrauben- und Werkzeugfabrike,Metallindustrie,nein,"Eich 1, Cronenberg, Deutschland",Cronenberg,Eich 1,,,,,,,,,,,,,
434,Adolf Toenges,Möbelstoffweberei,Möbelindustrie,nein,"Vereinstraße 17a, Elberfeld, Deutschland",Elberfeld,Vereinstraße 17a,,,,,27.4.1943,Belgier,,,,,,,
435,Tornax GmbH,Fahrzeug- & Apparatebau,Kraftfahrzeugindustrie,nein,"Schwelmer Straße 100, Langerfeld, Deutschland",Langerfeld,Schwelmer Straße 100-108,,,,,30.11.1942,Deutsche,46,35,11,,,,
436,Trierer Walzwerk AG,,Metallindustrie,nein,"Schwelmer Straße 156, Wuppertal-Langerfeld, Deutschland",Wuppertal-Langerfeld,Schwelmer Straße 156,,,,,27.4.1943,Ostarbeiter:,28,28,0,,,,
437,"Turmhof Gaststätte [Inhaber Karl Siebenlist, Teilhaber Mathilde Labriola und G. Labriola Erben]",,Gastgewerbe,nein,"Turmhof 2, Elberfeld, Deutschland",Elberfeld,Turmhof 2,,,,,,,,,,,,,
438,Vereinigte Glanzstoff-Fabriken A.G.,Textilindustrie,Textilindustrie,unbekannt,"Auer-Schulstraße 14, Elberfeld, Deutschland",Elberfeld,Auer-Schulstraße 14-16,,,,,,,,,,,,,
439,Vereinigung Wuppertaler Kohlenhändler,,xxx,nein,"Kölner Str. 94, Elberfeld, Deutschland",Elberfeld,Kölner Str. 94,,,,,27.4.1943,Polen,,,,"Eingetragener Verein, die Mitglieder waren ca. 65 eigenständige",,,
440,Paul Vetter Maschinen KG,Maschinenfabrik,Maschinenbau,nein,"Wittener Straße 31 a, Barmen, Deutschland",Barmen,Wittener Straße 31 a,,,,,,,,,,,,,
441,„Vauco“ Lederwarenfabrik Viehoff & Co.,Lederwaren,Textilindustrie,nein,"Wichlinghauser Str. 47a, Barmen, Deutschland",Barmen,Wichlinghauser Str. 47a,,,,,31.12.1942,Deutsche,56,49,7,,,,
442,Visser & Co.,Gipsplattenwerk,Baustoffe,nein,"Funckstraße o. Nr., Elberfeld, Deutschland",Elberfeld,Funckstraße o. Nr.,,,,,30.6.1944,,,,,,,,
443,Friedrich Vohwinkel,Pumpernickelfabrik,Lebensmittelindustrie,nein,"Im Ostersiepen 1, Elberfeld, Deutschland",Elberfeld,Im Ostersiepen 1,,,,,,,,,,,,,
444,Wilhelm Vonzumhoff,Automobile,Kraftfahrzeugindustrie,ja,"Gutenbergstr. 38, Elberfeld, Deutschland",Elberfeld,Gutenbergstr. 38,,,,,27.4.1943,Polen,,,,,,,
445,Rudolf Wilhelm Vornhagen,Grubenholz und Baumaterial,Baustoffe,nein,"Kronprinzenallee 76, Elberfeld, Deutschland",Elberfeld,Kronprinzenallee 76,,,,,,,,,,,,,
446,Vorsteher & Bünger,Band- und Flechterzeugnisse,Textilindustrie,nein,"Wichlinghauser Str. 38, Barmen, Deutschland",Barmen,Wichlinghauser Str. 38-40,,,,,13.8.1942,Ostarbeiter:,62,0,62,,,,
447,Vorwerk & Co.,Teppichweberei und Elektromaschinen,Textilindustrie,ja,"Mühlenweg 23, Barmen, Deutschland",Barmen,Mühlenweg 23-25,,,,,13.8.1942,Ostarbeiter:,101,29,72,,,,
448,Vorwerk & Sohn,Textil- und Gummiwerke,Textilindustrie,ja,"Obere Lichtenplatzer Str. 336, Barmen, Deutschland",Barmen,Obere Lichtenplatzer Str. 336,,,,,13.8.1942,Ostarbeiter:,192,126,66,,,,
449,Wachs & Asmann,Chemische Großhandlung,Chemie,nein,"Westkotterstr. 46, Barmen, Deutschland",Barmen,Westkotterstr. 46-48,,,,,,,,,,,,,
450,Wagner & Co.,Werkzeugfabrik,Metallindustrie,unbekannt,"Händelerstr. 51, Cronenberg, Deutschland",Cronenberg,Händelstr. 51-53,,,,,,,,,,,,,
451,Martin Wagner,Holzwarenfabrik,xxx,nein,"Küllenhahner Str. 23, Küllenhahn, Deutschland",Küllenhahn,Küllenhahner Str. 23,,,,,28.10.1942,,,,,,,,
452,Wagner & Co.,Elektrotechnische Isolier-Materialien,Elektrotechnik,ja,"Lenneper Str. 130, Langerfeld, Deutschland",Langerfeld,Lenneper Str. 130-130a,,,,,27.4.1943,Ostarbeiter:,5,0,5,,,,
453,Kabelwerk Wagner KG (zuvor: Joachimsmeyer & Wagner),Kabelwerk,Elektrotechnik,ja,"Wittener Str. 239, Nächstebreck, Deutschland",Nächstebreck,Wittener Str. 239,,,,,13.8.1942,Ostarbeiter:,20,0,20,,,,
454,Alfred Wahl,Schneidermeister,xxx,nein,"Kaiserstr. 195, Vohwinkel, Deutschland",Vohwinkel,Kaiserstr. 195,,,,,,,,,,,,,
455,Peter Wallbrecher,Werkzeugfabrik,Metallindustrie,ja,"Hauptstr. 67, Cronenberg, Deutschland",Cronenberg,Hauptstr. 67,,,,,,,,,,,,,
456,Bernhard Wassenberg Nachf.,Baugeschäft,Bauunternehmen,nein,"Wernerstr. 2, Barmen, Deutschland",Barmen,Wernerstr. 2,,,,,,,,,,,,,
457,Karl Watermann,Fischkonservenfabrik,Lebensmittelindustrie,nein,"Schützenstr. 92, Barmen, Deutschland",Barmen,Schützenstr. 92,,,,,,,,,,,,,
458,Paul Weber,,unbekannt,unbekannt,,Barmen,,,,,,,,,,,,,,
459,Fritz Weeren,"Maschinenfabrik, Kunstharzpressen",Maschinenbau,unbekannt,"Rauental 72, Barmen, Deutschland",Barmen,Rauental 72,,,,,,,,,,,,,
460,Paul Weissenborn,Tiefbau,Bauunternehmen,nein,"Am Dausendbusch 8, Barmen, Deutschland",Barmen,Am Dausenbusch 8,,,,,31.1.1943,Deutsche,18,16,2,,,,
461,Carl Werner,Mineralwasser- und Likörfabrik,Lebensmittelindustrie,nein,"Norrenbergstr. 12 a, Barmen, Deutschland",Barmen,Norrenbergerstr. 12 a,,,,,,,,,,,,,
462,Gebr. Wichartz,Import - Gewürzmühle,Handel / Dienstleistungen,unbekannt,"Wichlinghauserstr. 16, Barmen, Deutschland",Barmen,Wichlinghauserstr. 16-16a,,,,,27.4.1943,Polen,,,,,,,
463,Wicküler Küpper Brauerei,Brauerei,Lebensmittelindustrie,unbekannt,"Bendahlerstr. 31, Elberfeld, Deutschland",Elberfeld,Bendahlerstr. 31,,,,,,,,,,,,,
464,Wiedenhoff & Wirtz,Schloß- und Beschlägefabrik,Metallindustrie,unbekannt,"Kratzkopfstr. 32, Ronsdorf, Deutschland",Ronsdorf,Kratzkopfstr. 32,,,,,,,,,,,,,
465,Eduard Wille,Werkzeugfabrik und Hammerwerk,Metallindustrie,ja,"Lindenallee 27, Cronenberg, Deutschland",Cronenberg,Lindenallee 27,,,,,,.05.42,8,,,,,,
466,Johann Wimmer,Häute und Felle,xxx,nein,"Carnaper Str. 107, Barmen, Deutschland",Barmen,Carnaper Str. 107,,,,,,,,,,,,,
467,Emil Windgassen,Werkzeugfabrik,Metallindustrie,nein,"Am Stadtbahnhof 6, Ronsdorf, Deutschland",Ronsdorf,Am Stadtbahnhof 6,,,,,,,,,,,,,
468,Gebr. Winkelsträter (auch: Winkelsträter & Sure),Maschinenfabrik u. Apparatebauanstalt,Maschinenbau,nein,"Breslauer Str. 59, Barmen, Deutschland",Barmen,Breslauer Str. 59,,,,,13.8.1942,Ostarbeiter:,58,14,44,,,,
469,Witte & Co.,Ösen u. Metallwaren,Metallindustrie,nein,"Christbusch 6, Barmen, Deutschland",Barmen,Christbusch 6,,,,,27.4.1943,Franzosen,,,,,,,
470,[Kraftwagengesellschaft] Dr. Wittenstein,Vertretung der Adam Opel,Kraftfahrzeugindustrie,nein,"Friedrich-Engels-Allee 245, Barmen, Deutschland",Barmen,Friedrich-Engels-Allee 245,,,,,27.4.1943,Franzosen,,,,,,,
471,G. Wittenstein-Troost GmbH,Textilveredelung,Textilindustrie,nein,"Friedrich-Engels-Allee 229, Barmen, Deutschland",Barmen,Friedrich-Engels-Allee 229,,,,,27.4.1943,Niederländer,,,,,,,
472,E.O. Wöhler & Co.,Lederwarenfabrik „Grünsiegel“,Textilindustrie,nein,"Warndtstraße 4, Barmen, Deutschland",Barmen,Warndstraße 4-12,,,,,11.3.1944,Ostarbeiter:,50,14,36,,,,
473,Wörder & Pandel,Werkzeugfabrik,Metallindustrie,nein,"Nöllenhammerweg 19, Küllenhahn, Deutschland",Küllenhahn,Nöllenhammer Str. 19,,,,,27.4.1943,Ostarbeiter:,9,9,0,,,,
474,August Wortmann,Metallwarenfabrik,Metallindustrie,nein,"Rheinische Straße 25, Barmen, Deutschland",Barmen,Rheinische Straße 25,,,,,27.4.1943,Ostarbeiter:,74,67,7,,,,
475,August Wülfing & Sohn,Kohlenhandlung,Handel / Dienstleistungen,nein,"Breslauer Str., Wuppertal, Deutschland",Wichlinghausen,Breslauer Str. ,,,,,,,,,,,,,
476,Hermann Wülfing,Lackfabrik „Wings-Lacke“,Chemie,unbekannt,"Kaiserstraße 90, Vohwinkel, Deutschland",Vohwinkel,Kaiserstraße 90,,,,,27.4.1943,Ostarbeiter:,6,0,6,,,,
477,Wuppermetall GmbH,Aluminum- und Metallschmelzwerk und Metallgroßhandel,Metallindustrie,unbekannt,"Beckacker Schulstr. 35a, Oberbarmen, Deutschland",Oberbarmen,Beckacker Schulstr. 35a,,,,,27.4.1943,Franzosen,,,,,,,
478,Hugo Wippermann,Wuppertaler Dampfziegelei,Ziegelei,nein,"Beule 20, Wichlinghausen, Deutschland",Wichlinghausen,Beule 20,,,,,27.4.1943,Polen,,,,,,,
479,Ed. Zimmermann & Bauer,"Bandfabrik, Textilfabrik",Textilindustrie,nein,"Uellendahler Str. 160, Elberfeld, Deutschland",Elberfeld,Uellendahler Str. 160,,,,,,,,,,,,,
480,W. Zimmerstädt,Fabrik für Heizungs- und Lüftungsanlagen,xxx,nein,"Holzer Straße 5, Elberfeld, Deutschland",Elberfeld,Holzer Straße 5,,,,,,,,,,,,,
481,"Robert Zinn, Engels & Co.",Metall u. Kaltwalzwerke,Metallindustrie,nein,"Lenneper Str. 35, Barmen, Deutschland",Barmen,Lenneper Str. 35,,,,,13.8.1942,Ostarbeiter:,24,12,12,,,,
482,Alfred Zwanzig,Gummibandfabrik,Kunststoffindustrie,nein,"Wichlinghauser Str. 138, Barmen, Deutschland",Barmen,"Wichlinghauser Str. 138 a,b",,,,,11.3.1944,,,,,,,,
